{"stats":{"minecraft:killed_by":{"minecraft:skeleton":2,"minecraft:zombie":1},"minecraft:broken":{"minecraft:stone_pickaxe":2,"minecraft:shield":2,"minecraft:iron_axe":2,"minecraft:stone_axe":2,"minecraft:iron_pickaxe":4,"minecraft:stone_shovel":1},"minecraft:mined":{"minecraft:diamond_ore":2,"minecraft:tuff":1,"minecraft:white_bed":7,"minecraft:attached_melon_stem":2,"minecraft:oak_sapling":2,"minecraft:deepslate_diamond_ore":9,"minecraft:cobblestone_stairs":6,"minecraft:acacia_log":20,"minecraft:grass_block":5,"minecraft:hay_block":147,"minecraft:furnace":20,"minecraft:iron_ore":195,"minecraft:fire":6,"minecraft:cobbled_deepslate":1,"minecraft:andesite":39,"minecraft:cobblestone_slab":3,"minecraft:deepslate_iron_ore":46,"minecraft:stone":561,"minecraft:oak_slab":5,"minecraft:acacia_leaves":11,"minecraft:melon_stem":1,"minecraft:crafting_table":19,"minecraft:torch":6,"minecraft:melon":42,"minecraft:copper_ore":6,"minecraft:tall_grass":8,"minecraft:cobblestone":781,"minecraft:glass":2,"minecraft:lapis_ore":1,"minecraft:oak_planks":150,"minecraft:wall_torch":6,"minecraft:diorite":1,"minecraft:wheat":44,"minecraft:grass":171,"minecraft:oak_log":206,"minecraft:coal_ore":105,"minecraft:sand":143,"minecraft:gravel":15,"minecraft:acacia_planks":258,"minecraft:oak_leaves":50,"minecraft:deepslate":7,"minecraft:fern":1},"minecraft:picked_up":{"minecraft:iron_chestplate":2,"minecraft:crafting_table":19,"minecraft:wheat":31,"minecraft:chicken":7,"minecraft:lead":1,"minecraft:shield":6,"minecraft:string":23,"minecraft:raw_copper":16,"minecraft:iron_leggings":3,"minecraft:cobbled_deepslate":12,"minecraft:beef":21,"minecraft:cobblestone_slab":3,"minecraft:iron_pickaxe":6,"minecraft:melon_slice":199,"minecraft:furnace":24,"minecraft:iron_boots":3,"minecraft:egg":4,"minecraft:stick":20,"minecraft:raw_iron":254,"minecraft:torch":48,"minecraft:acacia_log":20,"minecraft:porkchop":33,"minecraft:diorite":1,"minecraft:iron_horse_armor":1,"minecraft:arrow":21,"minecraft:stone_shovel":1,"minecraft:rotten_flesh":44,"minecraft:hay_block":146,"minecraft:gold_ingot":4,"minecraft:glow_berries":1,"minecraft:mutton":44,"minecraft:white_wool":40,"minecraft:cobblestone":1726,"minecraft:feather":3,"minecraft:cooked_beef":10,"minecraft:andesite":39,"minecraft:leather":16,"minecraft:filled_map":1,"minecraft:tuff":1,"minecraft:oak_log":208,"minecraft:gunpowder":8,"minecraft:cobblestone_stairs":6,"minecraft:lapis_lazuli":5,"minecraft:map":5,"minecraft:dirt":14,"minecraft:name_tag":2,"minecraft:cooked_mutton":13,"minecraft:bone":58,"minecraft:acacia_planks":354,"minecraft:apple":2,"minecraft:bow":4,"minecraft:wheat_seeds":110,"minecraft:iron_ingot":127,"minecraft:stone_pickaxe":4,"minecraft:cooked_chicken":4,"minecraft:iron_sword":5,"minecraft:oak_planks":148,"minecraft:acacia_sapling":4,"minecraft:oak_slab":7,"minecraft:cooked_porkchop":15,"minecraft:gravel":25,"minecraft:sand":163,"minecraft:white_bed":9,"minecraft:spider_eye":7,"minecraft:diamond":29,"minecraft:stone_axe":1,"minecraft:iron_helmet":2,"minecraft:crossbow":2,"minecraft:granite":24,"minecraft:oak_sapling":19,"minecraft:melon_seeds":5,"minecraft:black_wool":1,"minecraft:coal":289,"minecraft:diamond_pickaxe":1},"minecraft:custom":{"minecraft:mob_kills":146,"minecraft:interact_with_crafting_table":92,"minecraft:leave_game":6,"minecraft:time_since_death":235225,"minecraft:sprint_one_cm":735734,"minecraft:walk_one_cm":1156660,"minecraft:damage_blocked_by_shield":9620,"minecraft:drop":147,"minecraft:play_time":346713,"minecraft:sneak_time":47630,"minecraft:deaths":5,"minecraft:walk_under_water_one_cm":14042,"minecraft:boat_one_cm":70903,"minecraft:jump":5647,"minecraft:walk_on_water_one_cm":30900,"minecraft:total_world_time":346713,"minecraft:interact_with_furnace":168,"minecraft:raid_trigger":1,"minecraft:sleep_in_bed":9,"minecraft:time_since_rest":30318,"minecraft:damage_taken":5243,"minecraft:damage_dealt":23491,"minecraft:player_kills":1,"minecraft:swim_one_cm":26883,"minecraft:fly_one_cm":1000539,"minecraft:open_chest":62,"minecraft:crouch_one_cm":177043,"minecraft:fall_one_cm":119119,"minecraft:horse_one_cm":80576},"minecraft:crafted":{"minecraft:oak_planks":448,"minecraft:stone_shovel":2,"minecraft:cooked_chicken":6,"minecraft:furnace":8,"minecraft:cooked_mutton":40,"minecraft:glass":128,"minecraft:bow":1,"minecraft:iron_boots":3,"minecraft:iron_axe":4,"minecraft:stone_pickaxe":6,"minecraft:chest":1,"minecraft:wheat":1314,"minecraft:cooked_beef":11,"minecraft:oak_slab":144,"minecraft:cooked_porkchop":18,"minecraft:crafting_table":6,"minecraft:iron_helmet":3,"minecraft:wooden_pickaxe":3,"minecraft:iron_sword":1,"minecraft:bucket":4,"minecraft:stone_axe":5,"minecraft:bread":448,"minecraft:air":0,"minecraft:oak_boat":1,"minecraft:iron_chestplate":3,"minecraft:shield":9,"minecraft:stick":68,"minecraft:iron_ingot":185,"minecraft:iron_pickaxe":9,"minecraft:iron_leggings":2,"minecraft:white_bed":1,"minecraft:acacia_planks":72,"minecraft:torch":64},"minecraft:used":{"minecraft:acacia_log":2,"minecraft:stone_shovel":143,"minecraft:chest":1,"minecraft:shield":219,"minecraft:iron_sword":159,"minecraft:cooked_chicken":2,"minecraft:rotten_flesh":2,"minecraft:iron_chestplate":1,"minecraft:torch":65,"minecraft:dirt":13,"minecraft:acacia_sapling":2,"minecraft:tuff":1,"minecraft:glass":20,"minecraft:lava_bucket":17,"minecraft:iron_axe":713,"minecraft:iron_helmet":1,"minecraft:iron_boots":1,"minecraft:melon_seeds":1,"minecraft:bow":5,"minecraft:oak_sapling":17,"minecraft:furnace":20,"minecraft:egg":6,"minecraft:cobbled_deepslate":11,"minecraft:acacia_planks":9,"minecraft:iron_leggings":1,"minecraft:wheat_seeds":43,"minecraft:cooked_mutton":17,"minecraft:water_bucket":35,"minecraft:diorite":1,"minecraft:stone_pickaxe":494,"minecraft:oak_planks":187,"minecraft:wooden_pickaxe":23,"minecraft:glow_berries":1,"minecraft:oak_slab":83,"minecraft:crafting_table":23,"minecraft:white_bed":7,"minecraft:oak_log":1,"minecraft:apple":5,"minecraft:chicken":1,"minecraft:melon_slice":77,"minecraft:bread":34,"minecraft:iron_pickaxe":1276,"minecraft:map":1,"minecraft:gravel":17,"minecraft:stone_axe":204,"minecraft:cobblestone":1183,"minecraft:cooked_porkchop":6,"minecraft:andesite":2,"minecraft:bucket":55,"minecraft:oak_boat":1},"minecraft:dropped":{"minecraft:iron_ingot":5,"minecraft:bread":165,"minecraft:iron_sword":3,"minecraft:oak_slab":68,"minecraft:wheat_seeds":67,"minecraft:oak_pressure_plate":1,"minecraft:crossbow":2,"minecraft:iron_helmet":1,"minecraft:feather":3,"minecraft:cobblestone":17,"minecraft:leather":1,"minecraft:apple":2,"minecraft:granite":24,"minecraft:coal":10,"minecraft:dirt":1,"minecraft:torch":1,"minecraft:melon_slice":122,"minecraft:map":4,"minecraft:iron_leggings":2,"minecraft:iron_axe":1,"minecraft:iron_pickaxe":4,"minecraft:string":11,"minecraft:white_wool":7,"minecraft:acacia_planks":5,"minecraft:bone":4,"minecraft:gravel":7,"minecraft:stone_axe":1,"minecraft:cobbled_deepslate":1,"minecraft:raw_copper":12,"minecraft:wheat":1,"minecraft:raw_iron":4,"minecraft:stone_shovel":1,"minecraft:rotten_flesh":32,"minecraft:oak_planks":150,"minecraft:iron_boots":2,"minecraft:cooked_mutton":20,"minecraft:filled_map":2,"minecraft:leather_chestplate":1,"minecraft:cobblestone_slab":3,"minecraft:shield":6,"minecraft:gunpowder":8,"minecraft:diamond_pickaxe":1,"minecraft:iron_chestplate":1,"minecraft:andesite":37,"minecraft:melon_seeds":4,"minecraft:oak_sapling":2,"minecraft:acacia_sapling":2,"minecraft:spider_eye":6,"minecraft:arrow":1,"minecraft:stone_pickaxe":5,"minecraft:wooden_pickaxe":3,"minecraft:black_wool":1},"minecraft:killed":{"minecraft:vindicator":1,"minecraft:spider":19,"minecraft:skeleton":24,"minecraft:chicken":2,"minecraft:pig":15,"minecraft:zombie_villager":1,"minecraft:creeper":6,"minecraft:sheep":21,"minecraft:pillager":5,"minecraft:zombie":38,"minecraft:enderman":1,"minecraft:cow":11}},"DataVersion":2975}