{"stats":{"minecraft:crafted":{"minecraft:oak_planks":392,"minecraft:stone_shovel":2,"minecraft:cooked_chicken":6,"minecraft:furnace":7,"minecraft:cooked_mutton":29,"minecraft:glass":29,"minecraft:bow":1,"minecraft:iron_boots":3,"minecraft:iron_axe":3,"minecraft:stone_pickaxe":6,"minecraft:wheat":108,"minecraft:oak_slab":126,"minecraft:cooked_porkchop":6,"minecraft:crafting_table":6,"minecraft:wooden_pickaxe":3,"minecraft:iron_helmet":3,"minecraft:iron_sword":1,"minecraft:bucket":2,"minecraft:stone_axe":5,"minecraft:bread":46,"minecraft:air":0,"minecraft:oak_boat":1,"minecraft:iron_chestplate":3,"minecraft:shield":7,"minecraft:stick":56,"minecraft:iron_ingot":185,"minecraft:iron_pickaxe":4,"minecraft:iron_leggings":2,"minecraft:white_bed":1,"minecraft:acacia_planks":72,"minecraft:torch":64},"minecraft:picked_up":{"minecraft:iron_chestplate":2,"minecraft:crafting_table":15,"minecraft:wheat":30,"minecraft:chicken":7,"minecraft:shield":6,"minecraft:string":16,"minecraft:raw_copper":4,"minecraft:iron_leggings":3,"minecraft:cobbled_deepslate":12,"minecraft:cobblestone_slab":3,"minecraft:iron_pickaxe":6,"minecraft:melon_slice":70,"minecraft:furnace":18,"minecraft:iron_boots":3,"minecraft:egg":3,"minecraft:stick":20,"minecraft:raw_iron":223,"minecraft:torch":43,"minecraft:acacia_log":20,"minecraft:porkchop":6,"minecraft:diorite":1,"minecraft:iron_horse_armor":1,"minecraft:stone_shovel":1,"minecraft:arrow":17,"minecraft:rotten_flesh":42,"minecraft:hay_block":12,"minecraft:gold_ingot":4,"minecraft:glow_berries":1,"minecraft:mutton":33,"minecraft:white_wool":33,"minecraft:cobblestone":1022,"minecraft:feather":3,"minecraft:andesite":39,"minecraft:filled_map":1,"minecraft:tuff":1,"minecraft:oak_log":169,"minecraft:gunpowder":8,"minecraft:cobblestone_stairs":4,"minecraft:lapis_lazuli":5,"minecraft:map":5,"minecraft:dirt":14,"minecraft:name_tag":2,"minecraft:cooked_mutton":13,"minecraft:bone":52,"minecraft:acacia_planks":354,"minecraft:apple":2,"minecraft:bow":4,"minecraft:wheat_seeds":104,"minecraft:stone_pickaxe":4,"minecraft:iron_ingot":123,"minecraft:cooked_chicken":4,"minecraft:acacia_sapling":4,"minecraft:iron_sword":5,"minecraft:oak_planks":106,"minecraft:oak_slab":7,"minecraft:gravel":25,"minecraft:sand":163,"minecraft:white_bed":9,"minecraft:spider_eye":4,"minecraft:diamond":29,"minecraft:stone_axe":1,"minecraft:iron_helmet":2,"minecraft:crossbow":1,"minecraft:granite":24,"minecraft:oak_sapling":16,"minecraft:melon_seeds":4,"minecraft:coal":183,"minecraft:diamond_pickaxe":1},"minecraft:mined":{"minecraft:diamond_ore":2,"minecraft:tuff":1,"minecraft:attached_melon_stem":1,"minecraft:white_bed":7,"minecraft:oak_sapling":2,"minecraft:deepslate_diamond_ore":9,"minecraft:cobblestone_stairs":4,"minecraft:acacia_log":20,"minecraft:grass_block":5,"minecraft:hay_block":12,"minecraft:furnace":14,"minecraft:iron_ore":168,"minecraft:cobbled_deepslate":1,"minecraft:andesite":39,"minecraft:cobblestone_slab":3,"minecraft:deepslate_iron_ore":46,"minecraft:stone":349,"minecraft:oak_slab":4,"minecraft:acacia_leaves":11,"minecraft:melon_stem":1,"minecraft:crafting_table":15,"minecraft:torch":2,"minecraft:melon":16,"minecraft:glass":2,"minecraft:tall_grass":4,"minecraft:copper_ore":2,"minecraft:cobblestone":248,"minecraft:lapis_ore":1,"minecraft:oak_planks":112,"minecraft:diorite":1,"minecraft:wall_torch":5,"minecraft:wheat":42,"minecraft:grass":156,"minecraft:oak_log":169,"minecraft:coal_ore":78,"minecraft:sand":143,"minecraft:gravel":15,"minecraft:acacia_planks":258,"minecraft:oak_leaves":41,"minecraft:deepslate":7},"minecraft:killed_by":{"minecraft:skeleton":2,"minecraft:zombie":1},"minecraft:custom":{"minecraft:mob_kills":96,"minecraft:interact_with_crafting_table":74,"minecraft:leave_game":3,"minecraft:time_since_death":114049,"minecraft:sprint_one_cm":486952,"minecraft:walk_one_cm":845196,"minecraft:damage_blocked_by_shield":9030,"minecraft:drop":106,"minecraft:play_time":225537,"minecraft:deaths":5,"minecraft:sneak_time":26279,"minecraft:walk_under_water_one_cm":5016,"minecraft:boat_one_cm":60267,"minecraft:jump":3478,"minecraft:walk_on_water_one_cm":17409,"minecraft:total_world_time":225537,"minecraft:interact_with_furnace":148,"minecraft:sleep_in_bed":4,"minecraft:time_since_rest":29641,"minecraft:damage_taken":4196,"minecraft:damage_dealt":17801,"minecraft:player_kills":1,"minecraft:swim_one_cm":16033,"minecraft:fly_one_cm":574273,"minecraft:open_chest":24,"minecraft:crouch_one_cm":96604,"minecraft:fall_one_cm":64614,"minecraft:horse_one_cm":80576},"minecraft:broken":{"minecraft:stone_pickaxe":2,"minecraft:shield":2,"minecraft:iron_axe":2,"minecraft:stone_axe":2,"minecraft:iron_pickaxe":1,"minecraft:stone_shovel":1},"minecraft:used":{"minecraft:acacia_log":2,"minecraft:stone_shovel":143,"minecraft:shield":203,"minecraft:iron_sword":159,"minecraft:cooked_chicken":2,"minecraft:rotten_flesh":2,"minecraft:iron_chestplate":1,"minecraft:torch":50,"minecraft:dirt":13,"minecraft:acacia_sapling":2,"minecraft:tuff":1,"minecraft:glass":20,"minecraft:lava_bucket":1,"minecraft:iron_axe":509,"minecraft:iron_helmet":1,"minecraft:iron_boots":1,"minecraft:bow":4,"minecraft:oak_sapling":15,"minecraft:furnace":16,"minecraft:egg":3,"minecraft:cobbled_deepslate":11,"minecraft:acacia_planks":9,"minecraft:iron_leggings":1,"minecraft:wheat_seeds":43,"minecraft:cooked_mutton":17,"minecraft:water_bucket":6,"minecraft:diorite":1,"minecraft:stone_pickaxe":494,"minecraft:oak_planks":187,"minecraft:wooden_pickaxe":23,"minecraft:glow_berries":1,"minecraft:oak_slab":65,"minecraft:crafting_table":19,"minecraft:white_bed":7,"minecraft:oak_log":1,"minecraft:apple":5,"minecraft:chicken":1,"minecraft:bread":14,"minecraft:melon_slice":32,"minecraft:iron_pickaxe":464,"minecraft:map":1,"minecraft:gravel":17,"minecraft:stone_axe":204,"minecraft:cobblestone":630,"minecraft:cooked_porkchop":6,"minecraft:bucket":9,"minecraft:andesite":2,"minecraft:oak_boat":1},"minecraft:dropped":{"minecraft:iron_ingot":5,"minecraft:bread":21,"minecraft:iron_sword":3,"minecraft:wheat_seeds":61,"minecraft:oak_pressure_plate":1,"minecraft:crossbow":1,"minecraft:iron_helmet":1,"minecraft:feather":3,"minecraft:cobblestone":17,"minecraft:apple":2,"minecraft:granite":24,"minecraft:dirt":1,"minecraft:torch":1,"minecraft:melon_slice":13,"minecraft:map":4,"minecraft:iron_leggings":2,"minecraft:iron_pickaxe":3,"minecraft:string":6,"minecraft:acacia_planks":5,"minecraft:bone":2,"minecraft:gravel":7,"minecraft:stone_axe":1,"minecraft:cobbled_deepslate":1,"minecraft:stone_shovel":1,"minecraft:raw_iron":4,"minecraft:rotten_flesh":32,"minecraft:oak_planks":129,"minecraft:iron_boots":2,"minecraft:cooked_mutton":9,"minecraft:filled_map":2,"minecraft:leather_chestplate":1,"minecraft:cobblestone_slab":3,"minecraft:shield":5,"minecraft:gunpowder":8,"minecraft:iron_chestplate":1,"minecraft:diamond_pickaxe":1,"minecraft:andesite":37,"minecraft:melon_seeds":4,"minecraft:oak_sapling":1,"minecraft:acacia_sapling":2,"minecraft:spider_eye":3,"minecraft:stone_pickaxe":5,"minecraft:wooden_pickaxe":3},"minecraft:killed":{"minecraft:spider":14,"minecraft:skeleton":20,"minecraft:chicken":2,"minecraft:zombie_villager":1,"minecraft:creeper":6,"minecraft:sheep":13,"minecraft:pillager":2,"minecraft:zombie":35,"minecraft:enderman":1}},"DataVersion":2975}