{"stats":{"minecraft:killed_by":{"minecraft:skeleton":2,"minecraft:zombie":1},"minecraft:broken":{"minecraft:stone_pickaxe":2,"minecraft:shield":2,"minecraft:iron_axe":2,"minecraft:stone_axe":2,"minecraft:iron_pickaxe":4,"minecraft:stone_shovel":1},"minecraft:picked_up":{"minecraft:iron_chestplate":2,"minecraft:crafting_table":18,"minecraft:wheat":31,"minecraft:chicken":7,"minecraft:shield":6,"minecraft:string":18,"minecraft:raw_copper":16,"minecraft:iron_leggings":3,"minecraft:cobbled_deepslate":12,"minecraft:cobblestone_slab":3,"minecraft:iron_pickaxe":6,"minecraft:melon_slice":98,"minecraft:furnace":18,"minecraft:iron_boots":3,"minecraft:egg":4,"minecraft:stick":20,"minecraft:raw_iron":223,"minecraft:torch":47,"minecraft:acacia_log":20,"minecraft:porkchop":6,"minecraft:diorite":1,"minecraft:iron_horse_armor":1,"minecraft:arrow":17,"minecraft:stone_shovel":1,"minecraft:rotten_flesh":44,"minecraft:hay_block":12,"minecraft:gold_ingot":4,"minecraft:glow_berries":1,"minecraft:mutton":33,"minecraft:white_wool":33,"minecraft:cobblestone":1664,"minecraft:feather":3,"minecraft:andesite":39,"minecraft:filled_map":1,"minecraft:tuff":1,"minecraft:oak_log":171,"minecraft:gunpowder":8,"minecraft:cobblestone_stairs":6,"minecraft:lapis_lazuli":5,"minecraft:map":5,"minecraft:dirt":14,"minecraft:name_tag":2,"minecraft:cooked_mutton":13,"minecraft:bone":54,"minecraft:acacia_planks":354,"minecraft:apple":2,"minecraft:bow":4,"minecraft:wheat_seeds":105,"minecraft:stone_pickaxe":4,"minecraft:iron_ingot":123,"minecraft:cooked_chicken":4,"minecraft:iron_sword":5,"minecraft:oak_planks":143,"minecraft:acacia_sapling":4,"minecraft:oak_slab":7,"minecraft:gravel":25,"minecraft:sand":163,"minecraft:white_bed":9,"minecraft:spider_eye":5,"minecraft:diamond":29,"minecraft:stone_axe":1,"minecraft:iron_helmet":2,"minecraft:crossbow":2,"minecraft:granite":24,"minecraft:oak_sapling":16,"minecraft:melon_seeds":4,"minecraft:coal":183,"minecraft:diamond_pickaxe":1},"minecraft:crafted":{"minecraft:oak_planks":416,"minecraft:stone_shovel":2,"minecraft:cooked_chicken":6,"minecraft:furnace":7,"minecraft:cooked_mutton":29,"minecraft:glass":128,"minecraft:bow":1,"minecraft:iron_boots":3,"minecraft:iron_axe":3,"minecraft:stone_pickaxe":6,"minecraft:chest":1,"minecraft:wheat":108,"minecraft:oak_slab":144,"minecraft:cooked_porkchop":6,"minecraft:crafting_table":6,"minecraft:iron_helmet":3,"minecraft:wooden_pickaxe":3,"minecraft:iron_sword":1,"minecraft:bucket":4,"minecraft:stone_axe":5,"minecraft:bread":46,"minecraft:air":0,"minecraft:oak_boat":1,"minecraft:iron_chestplate":3,"minecraft:shield":7,"minecraft:stick":64,"minecraft:iron_ingot":185,"minecraft:iron_pickaxe":7,"minecraft:iron_leggings":2,"minecraft:white_bed":1,"minecraft:acacia_planks":72,"minecraft:torch":64},"minecraft:dropped":{"minecraft:iron_ingot":5,"minecraft:bread":21,"minecraft:iron_sword":3,"minecraft:oak_slab":68,"minecraft:wheat_seeds":62,"minecraft:oak_pressure_plate":1,"minecraft:crossbow":2,"minecraft:feather":3,"minecraft:iron_helmet":1,"minecraft:cobblestone":17,"minecraft:apple":2,"minecraft:granite":24,"minecraft:dirt":1,"minecraft:torch":1,"minecraft:melon_slice":13,"minecraft:map":4,"minecraft:iron_leggings":2,"minecraft:iron_pickaxe":3,"minecraft:string":6,"minecraft:acacia_planks":5,"minecraft:bone":2,"minecraft:gravel":7,"minecraft:stone_axe":1,"minecraft:cobbled_deepslate":1,"minecraft:raw_copper":12,"minecraft:wheat":1,"minecraft:raw_iron":4,"minecraft:stone_shovel":1,"minecraft:rotten_flesh":32,"minecraft:oak_planks":150,"minecraft:iron_boots":2,"minecraft:cooked_mutton":9,"minecraft:filled_map":2,"minecraft:leather_chestplate":1,"minecraft:cobblestone_slab":3,"minecraft:shield":5,"minecraft:gunpowder":8,"minecraft:diamond_pickaxe":1,"minecraft:iron_chestplate":1,"minecraft:andesite":37,"minecraft:melon_seeds":4,"minecraft:oak_sapling":1,"minecraft:acacia_sapling":2,"minecraft:spider_eye":4,"minecraft:stone_pickaxe":5,"minecraft:wooden_pickaxe":3},"minecraft:killed":{"minecraft:spider":15,"minecraft:skeleton":21,"minecraft:chicken":2,"minecraft:zombie_villager":1,"minecraft:creeper":6,"minecraft:sheep":13,"minecraft:pillager":5,"minecraft:zombie":36,"minecraft:enderman":1},"minecraft:custom":{"minecraft:mob_kills":102,"minecraft:interact_with_crafting_table":82,"minecraft:leave_game":5,"minecraft:time_since_death":171962,"minecraft:sprint_one_cm":588430,"minecraft:walk_one_cm":1015949,"minecraft:damage_blocked_by_shield":9160,"minecraft:drop":114,"minecraft:play_time":283450,"minecraft:sneak_time":45351,"minecraft:deaths":5,"minecraft:walk_under_water_one_cm":7491,"minecraft:boat_one_cm":60267,"minecraft:jump":4268,"minecraft:walk_on_water_one_cm":23082,"minecraft:total_world_time":283450,"minecraft:interact_with_furnace":152,"minecraft:raid_trigger":1,"minecraft:sleep_in_bed":6,"minecraft:time_since_rest":194,"minecraft:damage_taken":4902,"minecraft:damage_dealt":18835,"minecraft:player_kills":1,"minecraft:swim_one_cm":16033,"minecraft:fly_one_cm":716853,"minecraft:open_chest":27,"minecraft:crouch_one_cm":169555,"minecraft:fall_one_cm":80818,"minecraft:horse_one_cm":80576},"minecraft:mined":{"minecraft:diamond_ore":2,"minecraft:tuff":1,"minecraft:white_bed":7,"minecraft:attached_melon_stem":1,"minecraft:oak_sapling":2,"minecraft:deepslate_diamond_ore":9,"minecraft:cobblestone_stairs":6,"minecraft:acacia_log":20,"minecraft:grass_block":5,"minecraft:hay_block":12,"minecraft:furnace":14,"minecraft:iron_ore":168,"minecraft:cobbled_deepslate":1,"minecraft:fire":6,"minecraft:andesite":39,"minecraft:cobblestone_slab":3,"minecraft:deepslate_iron_ore":46,"minecraft:stone":556,"minecraft:oak_slab":5,"minecraft:acacia_leaves":11,"minecraft:melon_stem":1,"minecraft:crafting_table":18,"minecraft:torch":6,"minecraft:melon":21,"minecraft:copper_ore":6,"minecraft:glass":2,"minecraft:tall_grass":4,"minecraft:cobblestone":722,"minecraft:lapis_ore":1,"minecraft:oak_planks":150,"minecraft:wall_torch":6,"minecraft:diorite":1,"minecraft:wheat":43,"minecraft:grass":157,"minecraft:oak_log":169,"minecraft:coal_ore":78,"minecraft:sand":143,"minecraft:gravel":15,"minecraft:acacia_planks":258,"minecraft:oak_leaves":45,"minecraft:deepslate":7},"minecraft:used":{"minecraft:acacia_log":2,"minecraft:stone_shovel":143,"minecraft:chest":1,"minecraft:shield":206,"minecraft:iron_sword":159,"minecraft:cooked_chicken":2,"minecraft:rotten_flesh":2,"minecraft:iron_chestplate":1,"minecraft:torch":60,"minecraft:dirt":13,"minecraft:acacia_sapling":2,"minecraft:tuff":1,"minecraft:glass":20,"minecraft:lava_bucket":17,"minecraft:iron_axe":573,"minecraft:iron_helmet":1,"minecraft:iron_boots":1,"minecraft:bow":4,"minecraft:oak_sapling":15,"minecraft:furnace":16,"minecraft:egg":6,"minecraft:cobbled_deepslate":11,"minecraft:acacia_planks":9,"minecraft:iron_leggings":1,"minecraft:wheat_seeds":43,"minecraft:cooked_mutton":17,"minecraft:water_bucket":27,"minecraft:diorite":1,"minecraft:stone_pickaxe":494,"minecraft:oak_planks":187,"minecraft:wooden_pickaxe":23,"minecraft:glow_berries":1,"minecraft:oak_slab":83,"minecraft:crafting_table":22,"minecraft:white_bed":7,"minecraft:oak_log":1,"minecraft:apple":5,"minecraft:chicken":1,"minecraft:bread":30,"minecraft:melon_slice":43,"minecraft:iron_pickaxe":1151,"minecraft:map":1,"minecraft:gravel":17,"minecraft:stone_axe":204,"minecraft:cobblestone":1103,"minecraft:cooked_porkchop":6,"minecraft:andesite":2,"minecraft:bucket":47,"minecraft:oak_boat":1}},"DataVersion":2975}