{"stats":{"minecraft:crafted":{"minecraft:oak_planks":200,"minecraft:cooked_chicken":6,"minecraft:furnace":7,"minecraft:cooked_mutton":29,"minecraft:bow":1,"minecraft:iron_boots":2,"minecraft:iron_axe":1,"minecraft:stone_pickaxe":6,"minecraft:cooked_porkchop":6,"minecraft:crafting_table":6,"minecraft:wooden_pickaxe":3,"minecraft:iron_helmet":2,"minecraft:iron_sword":1,"minecraft:stone_axe":5,"minecraft:bread":9,"minecraft:air":0,"minecraft:iron_chestplate":2,"minecraft:shield":7,"minecraft:stick":44,"minecraft:iron_pickaxe":3,"minecraft:iron_ingot":185,"minecraft:iron_leggings":1,"minecraft:white_bed":1,"minecraft:acacia_planks":72,"minecraft:torch":24},"minecraft:picked_up":{"minecraft:crafting_table":11,"minecraft:iron_chestplate":2,"minecraft:wheat":29,"minecraft:chicken":7,"minecraft:shield":6,"minecraft:string":16,"minecraft:raw_copper":4,"minecraft:iron_leggings":3,"minecraft:cobbled_deepslate":12,"minecraft:iron_pickaxe":6,"minecraft:melon_slice":36,"minecraft:furnace":18,"minecraft:iron_boots":3,"minecraft:egg":1,"minecraft:stick":12,"minecraft:raw_iron":223,"minecraft:torch":41,"minecraft:acacia_log":20,"minecraft:porkchop":6,"minecraft:diorite":1,"minecraft:iron_horse_armor":1,"minecraft:arrow":15,"minecraft:rotten_flesh":34,"minecraft:gold_ingot":4,"minecraft:glow_berries":1,"minecraft:mutton":33,"minecraft:white_wool":33,"minecraft:cobblestone":608,"minecraft:feather":3,"minecraft:andesite":39,"minecraft:filled_map":1,"minecraft:tuff":1,"minecraft:oak_log":51,"minecraft:gunpowder":8,"minecraft:lapis_lazuli":5,"minecraft:map":5,"minecraft:dirt":14,"minecraft:name_tag":2,"minecraft:cooked_mutton":13,"minecraft:bone":52,"minecraft:acacia_planks":187,"minecraft:bow":4,"minecraft:wheat_seeds":98,"minecraft:stone_pickaxe":4,"minecraft:iron_ingot":123,"minecraft:cooked_chicken":4,"minecraft:acacia_sapling":4,"minecraft:iron_sword":5,"minecraft:oak_planks":95,"minecraft:oak_slab":7,"minecraft:gravel":25,"minecraft:white_bed":9,"minecraft:spider_eye":4,"minecraft:diamond":29,"minecraft:stone_axe":1,"minecraft:iron_helmet":2,"minecraft:granite":24,"minecraft:oak_sapling":2,"minecraft:melon_seeds":2,"minecraft:coal":183,"minecraft:diamond_pickaxe":1},"minecraft:mined":{"minecraft:diamond_ore":2,"minecraft:tuff":1,"minecraft:white_bed":7,"minecraft:deepslate_diamond_ore":9,"minecraft:acacia_log":20,"minecraft:grass_block":5,"minecraft:furnace":14,"minecraft:iron_ore":168,"minecraft:cobbled_deepslate":1,"minecraft:andesite":39,"minecraft:deepslate_iron_ore":46,"minecraft:stone":331,"minecraft:oak_slab":4,"minecraft:acacia_leaves":11,"minecraft:melon_stem":1,"minecraft:crafting_table":11,"minecraft:torch":1,"minecraft:melon":9,"minecraft:tall_grass":4,"minecraft:copper_ore":2,"minecraft:cobblestone":49,"minecraft:lapis_ore":1,"minecraft:oak_planks":95,"minecraft:diorite":1,"minecraft:wall_torch":4,"minecraft:wheat":39,"minecraft:grass":150,"minecraft:oak_log":51,"minecraft:coal_ore":78,"minecraft:gravel":15,"minecraft:acacia_planks":92,"minecraft:oak_leaves":24,"minecraft:deepslate":7},"minecraft:killed_by":{"minecraft:skeleton":2,"minecraft:zombie":1},"minecraft:custom":{"minecraft:mob_kills":85,"minecraft:interact_with_crafting_table":61,"minecraft:leave_game":1,"minecraft:time_since_death":46793,"minecraft:sprint_one_cm":330448,"minecraft:walk_one_cm":595012,"minecraft:damage_blocked_by_shield":8710,"minecraft:drop":87,"minecraft:play_time":158281,"minecraft:deaths":5,"minecraft:sneak_time":14628,"minecraft:walk_under_water_one_cm":4113,"minecraft:jump":2510,"minecraft:walk_on_water_one_cm":14746,"minecraft:total_world_time":158281,"minecraft:interact_with_furnace":138,"minecraft:sleep_in_bed":2,"minecraft:time_since_rest":46832,"minecraft:damage_taken":3570,"minecraft:damage_dealt":15733,"minecraft:swim_one_cm":15822,"minecraft:fly_one_cm":398985,"minecraft:player_kills":1,"minecraft:open_chest":20,"minecraft:crouch_one_cm":52376,"minecraft:fall_one_cm":49052,"minecraft:horse_one_cm":80576},"minecraft:broken":{"minecraft:stone_pickaxe":2,"minecraft:shield":2,"minecraft:stone_axe":2},"minecraft:used":{"minecraft:acacia_log":2,"minecraft:shield":194,"minecraft:iron_sword":159,"minecraft:cooked_chicken":2,"minecraft:rotten_flesh":2,"minecraft:iron_chestplate":1,"minecraft:torch":30,"minecraft:dirt":13,"minecraft:acacia_sapling":2,"minecraft:tuff":1,"minecraft:iron_axe":162,"minecraft:iron_helmet":1,"minecraft:iron_boots":1,"minecraft:bow":4,"minecraft:oak_sapling":2,"minecraft:furnace":16,"minecraft:egg":1,"minecraft:cobbled_deepslate":11,"minecraft:acacia_planks":9,"minecraft:iron_leggings":1,"minecraft:wheat_seeds":41,"minecraft:cooked_mutton":17,"minecraft:diorite":1,"minecraft:stone_pickaxe":494,"minecraft:oak_planks":13,"minecraft:wooden_pickaxe":23,"minecraft:glow_berries":1,"minecraft:oak_slab":5,"minecraft:crafting_table":15,"minecraft:white_bed":7,"minecraft:oak_log":1,"minecraft:apple":5,"minecraft:chicken":1,"minecraft:bread":5,"minecraft:melon_slice":11,"minecraft:iron_pickaxe":238,"minecraft:map":1,"minecraft:gravel":17,"minecraft:stone_axe":204,"minecraft:cobblestone":158,"minecraft:cooked_porkchop":6,"minecraft:andesite":2},"minecraft:dropped":{"minecraft:iron_ingot":5,"minecraft:bread":2,"minecraft:iron_sword":3,"minecraft:wheat_seeds":57,"minecraft:feather":3,"minecraft:cobblestone":17,"minecraft:apple":2,"minecraft:granite":24,"minecraft:dirt":1,"minecraft:torch":1,"minecraft:map":4,"minecraft:iron_leggings":1,"minecraft:iron_pickaxe":3,"minecraft:string":6,"minecraft:acacia_planks":5,"minecraft:bone":2,"minecraft:gravel":7,"minecraft:stone_axe":1,"minecraft:cobbled_deepslate":1,"minecraft:raw_iron":4,"minecraft:rotten_flesh":26,"minecraft:oak_planks":65,"minecraft:iron_boots":1,"minecraft:cooked_mutton":9,"minecraft:filled_map":2,"minecraft:leather_chestplate":1,"minecraft:shield":5,"minecraft:gunpowder":4,"minecraft:diamond_pickaxe":1,"minecraft:andesite":37,"minecraft:melon_seeds":2,"minecraft:acacia_sapling":2,"minecraft:spider_eye":3,"minecraft:stone_pickaxe":5,"minecraft:wooden_pickaxe":3},"minecraft:killed":{"minecraft:spider":11,"minecraft:skeleton":19,"minecraft:chicken":2,"minecraft:creeper":5,"minecraft:sheep":13,"minecraft:zombie":32,"minecraft:enderman":1}},"DataVersion":2975}