{"stats":{"minecraft:broken":{"minecraft:stone_pickaxe":2,"minecraft:shield":3,"minecraft:iron_axe":3,"minecraft:stone_axe":2,"minecraft:iron_pickaxe":5,"minecraft:stone_shovel":1},"minecraft:killed_by":{"minecraft:creeper":1,"minecraft:skeleton":2,"minecraft:zombie":1},"minecraft:mined":{"minecraft:diamond_ore":2,"minecraft:tuff":1,"minecraft:white_bed":7,"minecraft:attached_melon_stem":2,"minecraft:oak_sapling":2,"minecraft:deepslate_diamond_ore":12,"minecraft:cobblestone_stairs":6,"minecraft:cave_vines_plant":1,"minecraft:obsidian":5,"minecraft:granite":6,"minecraft:acacia_log":20,"minecraft:grass_block":8,"minecraft:moss_block":2,"minecraft:spawner":1,"minecraft:hay_block":147,"minecraft:furnace":23,"minecraft:iron_ore":320,"minecraft:fire":21,"minecraft:cobbled_deepslate":1,"minecraft:andesite":39,"minecraft:cobblestone_slab":3,"minecraft:deepslate_iron_ore":59,"minecraft:stone":644,"minecraft:deepslate_redstone_ore":14,"minecraft:oak_slab":5,"minecraft:acacia_leaves":11,"minecraft:melon_stem":1,"minecraft:oak_fence":2,"minecraft:crafting_table":24,"minecraft:torch":15,"minecraft:melon":42,"minecraft:copper_ore":6,"minecraft:tall_grass":9,"minecraft:glass":2,"minecraft:cobblestone":797,"minecraft:lapis_ore":1,"minecraft:oak_planks":150,"minecraft:wall_torch":7,"minecraft:diorite":1,"minecraft:wheat":44,"minecraft:grass":173,"minecraft:coal_ore":109,"minecraft:oak_log":206,"minecraft:gravel":15,"minecraft:dirt":12,"minecraft:sand":143,"minecraft:acacia_planks":258,"minecraft:gold_ore":21,"minecraft:deepslate":10,"minecraft:oak_leaves":50,"minecraft:fern":1},"minecraft:picked_up":{"minecraft:iron_chestplate":3,"minecraft:crafting_table":25,"minecraft:wheat":31,"minecraft:chicken":7,"minecraft:lead":2,"minecraft:shield":7,"minecraft:string":39,"minecraft:moss_carpet":1,"minecraft:raw_copper":16,"minecraft:iron_axe":2,"minecraft:iron_leggings":4,"minecraft:cobbled_deepslate":23,"minecraft:beef":21,"minecraft:cobblestone_slab":3,"minecraft:iron_pickaxe":10,"minecraft:melon_slice":199,"minecraft:iron_boots":4,"minecraft:furnace":30,"minecraft:egg":7,"minecraft:raw_iron":510,"minecraft:stick":39,"minecraft:torch":70,"minecraft:acacia_log":20,"minecraft:porkchop":33,"minecraft:diorite":1,"minecraft:redstone":129,"minecraft:iron_horse_armor":1,"minecraft:arrow":27,"minecraft:stone_shovel":1,"minecraft:rotten_flesh":52,"minecraft:tropical_fish":1,"minecraft:hay_block":147,"minecraft:gold_ingot":4,"minecraft:glow_berries":2,"minecraft:obsidian":5,"minecraft:mutton":44,"minecraft:white_wool":40,"minecraft:cobblestone":1859,"minecraft:feather":3,"minecraft:cooked_beef":10,"minecraft:water_bucket":1,"minecraft:andesite":39,"minecraft:leather":16,"minecraft:filled_map":1,"minecraft:tuff":1,"minecraft:oak_log":208,"minecraft:gunpowder":8,"minecraft:cobblestone_stairs":6,"minecraft:map":5,"minecraft:lapis_lazuli":5,"minecraft:dirt":28,"minecraft:name_tag":3,"minecraft:cooked_mutton":24,"minecraft:bone":71,"minecraft:acacia_planks":354,"minecraft:apple":2,"minecraft:bow":5,"minecraft:wheat_seeds":110,"minecraft:raw_gold":22,"minecraft:iron_ingot":204,"minecraft:stone_pickaxe":4,"minecraft:cooked_chicken":4,"minecraft:moss_block":2,"minecraft:iron_sword":6,"minecraft:oak_planks":196,"minecraft:acacia_sapling":4,"minecraft:book":1,"minecraft:oak_slab":7,"minecraft:cooked_porkchop":42,"minecraft:dandelion":1,"minecraft:gravel":25,"minecraft:sand":163,"minecraft:white_bed":9,"minecraft:spider_eye":11,"minecraft:diamond":35,"minecraft:stone_axe":1,"minecraft:iron_helmet":4,"minecraft:crossbow":2,"minecraft:granite":30,"minecraft:golden_apple":1,"minecraft:bread":316,"minecraft:oak_sapling":19,"minecraft:melon_seeds":5,"minecraft:black_wool":1,"minecraft:coal":323,"minecraft:diamond_pickaxe":1},"minecraft:custom":{"minecraft:mob_kills":197,"minecraft:interact_with_crafting_table":100,"minecraft:leave_game":7,"minecraft:time_since_death":37693,"minecraft:sprint_one_cm":999344,"minecraft:walk_one_cm":1396114,"minecraft:damage_blocked_by_shield":12495,"minecraft:drop":195,"minecraft:play_time":435574,"minecraft:sneak_time":53900,"minecraft:deaths":6,"minecraft:walk_under_water_one_cm":23861,"minecraft:boat_one_cm":70903,"minecraft:jump":7651,"minecraft:walk_on_water_one_cm":53360,"minecraft:total_world_time":435574,"minecraft:interact_with_furnace":206,"minecraft:raid_trigger":1,"minecraft:sleep_in_bed":9,"minecraft:time_since_rest":37725,"minecraft:damage_taken":7136,"minecraft:damage_dealt":33327,"minecraft:player_kills":2,"minecraft:swim_one_cm":60551,"minecraft:fly_one_cm":1359351,"minecraft:open_chest":83,"minecraft:crouch_one_cm":194677,"minecraft:fall_one_cm":167321,"minecraft:horse_one_cm":80576},"minecraft:crafted":{"minecraft:oak_planks":448,"minecraft:stone_shovel":2,"minecraft:cooked_chicken":6,"minecraft:furnace":8,"minecraft:cooked_mutton":40,"minecraft:flint_and_steel":1,"minecraft:glass":128,"minecraft:bow":4,"minecraft:iron_boots":3,"minecraft:iron_axe":7,"minecraft:stone_pickaxe":6,"minecraft:chest":1,"minecraft:wheat":1314,"minecraft:cooked_beef":11,"minecraft:oak_slab":144,"minecraft:cooked_porkchop":18,"minecraft:crafting_table":6,"minecraft:enchanting_table":1,"minecraft:iron_helmet":3,"minecraft:wooden_pickaxe":3,"minecraft:iron_sword":1,"minecraft:bucket":4,"minecraft:stone_axe":5,"minecraft:bread":448,"minecraft:air":0,"minecraft:oak_boat":1,"minecraft:iron_chestplate":3,"minecraft:diamond_pickaxe":1,"minecraft:shield":10,"minecraft:stick":92,"minecraft:iron_ingot":339,"minecraft:iron_pickaxe":10,"minecraft:iron_leggings":2,"minecraft:white_bed":1,"minecraft:acacia_planks":72,"minecraft:torch":128},"minecraft:used":{"minecraft:moss_block":2,"minecraft:moss_carpet":1,"minecraft:enchanting_table":1,"minecraft:acacia_log":2,"minecraft:flint_and_steel":16,"minecraft:stone_shovel":143,"minecraft:chest":1,"minecraft:shield":286,"minecraft:iron_sword":159,"minecraft:cooked_chicken":2,"minecraft:rotten_flesh":2,"minecraft:iron_chestplate":1,"minecraft:torch":101,"minecraft:dirt":19,"minecraft:acacia_sapling":2,"minecraft:axolotl_bucket":2,"minecraft:tuff":1,"minecraft:granite":6,"minecraft:glass":20,"minecraft:lava_bucket":17,"minecraft:iron_axe":842,"minecraft:iron_helmet":1,"minecraft:iron_boots":2,"minecraft:melon_seeds":1,"minecraft:bow":23,"minecraft:hay_block":1,"minecraft:oak_sapling":17,"minecraft:furnace":26,"minecraft:egg":9,"minecraft:cobbled_deepslate":17,"minecraft:acacia_planks":9,"minecraft:iron_leggings":1,"minecraft:cooked_mutton":17,"minecraft:wheat_seeds":43,"minecraft:water_bucket":49,"minecraft:diorite":1,"minecraft:stone_pickaxe":494,"minecraft:oak_planks":187,"minecraft:wooden_pickaxe":23,"minecraft:glow_berries":1,"minecraft:oak_slab":83,"minecraft:crafting_table":29,"minecraft:white_bed":7,"minecraft:oak_log":1,"minecraft:diamond_pickaxe":6,"minecraft:apple":5,"minecraft:chicken":1,"minecraft:iron_pickaxe":1593,"minecraft:melon_slice":77,"minecraft:bread":77,"minecraft:map":1,"minecraft:gravel":17,"minecraft:stone_axe":204,"minecraft:cobblestone":1305,"minecraft:cooked_porkchop":6,"minecraft:andesite":2,"minecraft:bucket":71,"minecraft:oak_boat":1},"minecraft:dropped":{"minecraft:water_bucket":1,"minecraft:iron_ingot":5,"minecraft:bread":201,"minecraft:iron_sword":5,"minecraft:oak_slab":68,"minecraft:wheat_seeds":417,"minecraft:oak_pressure_plate":1,"minecraft:crossbow":2,"minecraft:iron_helmet":2,"minecraft:feather":3,"minecraft:cobblestone":17,"minecraft:glow_berries":1,"minecraft:leather":1,"minecraft:apple":2,"minecraft:granite":24,"minecraft:tropical_fish":1,"minecraft:coal":10,"minecraft:golden_apple":1,"minecraft:stick":9,"minecraft:dirt":1,"minecraft:melon":1,"minecraft:torch":27,"minecraft:melon_slice":122,"minecraft:map":4,"minecraft:iron_leggings":2,"minecraft:iron_axe":2,"minecraft:iron_pickaxe":7,"minecraft:string":16,"minecraft:white_wool":7,"minecraft:acacia_planks":5,"minecraft:dandelion":1,"minecraft:bone":6,"minecraft:redstone":4,"minecraft:gravel":7,"minecraft:stone_axe":1,"minecraft:cobbled_deepslate":6,"minecraft:raw_copper":16,"minecraft:wheat":2,"minecraft:obsidian":1,"minecraft:raw_iron":4,"minecraft:stone_shovel":2,"minecraft:rotten_flesh":44,"minecraft:oak_planks":150,"minecraft:iron_boots":2,"minecraft:cooked_mutton":31,"minecraft:filled_map":2,"minecraft:leather_chestplate":1,"minecraft:cobblestone_slab":3,"minecraft:shield":6,"minecraft:gunpowder":8,"minecraft:diamond_pickaxe":1,"minecraft:iron_chestplate":1,"minecraft:andesite":37,"minecraft:melon_seeds":23,"minecraft:oak_sapling":3,"minecraft:acacia_sapling":2,"minecraft:spider_eye":13,"minecraft:bow":1,"minecraft:arrow":2,"minecraft:stone_pickaxe":6,"minecraft:wooden_pickaxe":3,"minecraft:black_wool":1},"minecraft:killed":{"minecraft:cave_spider":4,"minecraft:witch":1,"minecraft:vindicator":1,"minecraft:spider":29,"minecraft:skeleton":36,"minecraft:chicken":2,"minecraft:pig":15,"minecraft:zombie_villager":2,"minecraft:creeper":11,"minecraft:sheep":21,"minecraft:pillager":5,"minecraft:zombie":56,"minecraft:enderman":1,"minecraft:cow":11}},"DataVersion":2975}