{"stats":{"minecraft:used":{"minecraft:moss_block":2,"minecraft:moss_carpet":1,"minecraft:chest":6,"minecraft:shield":353,"minecraft:stone":341,"minecraft:iron_sword":159,"minecraft:rotten_flesh":2,"minecraft:iron_chestplate":1,"minecraft:nether_bricks":10,"minecraft:acacia_sapling":2,"minecraft:tuff":5,"minecraft:axolotl_bucket":2,"minecraft:glass":20,"minecraft:lava_bucket":50,"minecraft:iron_helmet":1,"minecraft:bow":23,"minecraft:hay_block":1,"minecraft:furnace":26,"minecraft:oak_sapling":17,"minecraft:egg":12,"minecraft:potato":94,"minecraft:diorite":11,"minecraft:stone_pickaxe":519,"minecraft:oak_planks":187,"minecraft:wooden_pickaxe":23,"minecraft:glow_berries":1,"minecraft:bread":175,"minecraft:melon_slice":77,"minecraft:lectern":1,"minecraft:gravel":17,"minecraft:nether_wart_block":1,"minecraft:andesite":2,"minecraft:oak_boat":10,"minecraft:bone_meal":51,"minecraft:enchanting_table":1,"minecraft:acacia_log":3,"minecraft:flint_and_steel":39,"minecraft:stone_shovel":425,"minecraft:stone_hoe":24,"minecraft:cooked_chicken":2,"minecraft:netherrack":155,"minecraft:orange_bed":2,"minecraft:torch":181,"minecraft:dirt":83,"minecraft:granite":6,"minecraft:iron_axe":1070,"minecraft:iron_boots":2,"minecraft:melon_seeds":1,"minecraft:acacia_planks":9,"minecraft:cobbled_deepslate":19,"minecraft:iron_leggings":1,"minecraft:calcite":4,"minecraft:wheat_seeds":43,"minecraft:cooked_mutton":17,"minecraft:acacia_boat":1,"minecraft:water_bucket":195,"minecraft:amethyst_block":1,"minecraft:oak_slab":83,"minecraft:crafting_table":37,"minecraft:white_bed":7,"minecraft:oak_log":1,"minecraft:diamond_pickaxe":6,"minecraft:apple":5,"minecraft:acacia_sign":3,"minecraft:chicken":1,"minecraft:iron_pickaxe":3703,"minecraft:map":1,"minecraft:stone_axe":204,"minecraft:cobblestone":2533,"minecraft:cooked_porkchop":6,"minecraft:bucket":247},"minecraft:dropped":{"minecraft:iron_sword":5,"minecraft:oak_pressure_plate":1,"minecraft:crossbow":2,"minecraft:weeping_vines":1,"minecraft:glow_berries":1,"minecraft:leather":1,"minecraft:dirt":60,"minecraft:melon":1,"minecraft:iron_pickaxe":9,"minecraft:white_wool":7,"minecraft:gold_ingot":2,"minecraft:bone":6,"minecraft:gravel":7,"minecraft:stone_axe":1,"minecraft:cobbled_deepslate":6,"minecraft:wheat":3,"minecraft:obsidian":1,"minecraft:rotten_flesh":54,"minecraft:oak_planks":150,"minecraft:cooked_mutton":31,"minecraft:nether_brick_fence":1,"minecraft:leather_chestplate":1,"minecraft:gunpowder":10,"minecraft:melon_seeds":23,"minecraft:acacia_sapling":2,"minecraft:arrow":2,"minecraft:water_bucket":1,"minecraft:iron_ingot":5,"minecraft:bread":201,"minecraft:oak_slab":73,"minecraft:wheat_seeds":423,"minecraft:poisonous_potato":2,"minecraft:feather":3,"minecraft:iron_helmet":3,"minecraft:cobblestone":45,"minecraft:apple":2,"minecraft:amethyst_block":4,"minecraft:granite":27,"minecraft:tropical_fish":1,"minecraft:coal":10,"minecraft:golden_apple":1,"minecraft:stick":9,"minecraft:torch":27,"minecraft:melon_slice":122,"minecraft:map":4,"minecraft:iron_leggings":2,"minecraft:iron_axe":3,"minecraft:string":16,"minecraft:bucket":5,"minecraft:acacia_planks":5,"minecraft:redstone":4,"minecraft:dandelion":1,"minecraft:smooth_basalt":12,"minecraft:nether_wart":1,"minecraft:raw_copper":19,"minecraft:tuff":20,"minecraft:raw_iron":4,"minecraft:stone_shovel":5,"minecraft:iron_boots":3,"minecraft:name_tag":1,"minecraft:flint_and_steel":1,"minecraft:filled_map":2,"minecraft:cobblestone_slab":3,"minecraft:shield":6,"minecraft:iron_chestplate":1,"minecraft:diamond_pickaxe":1,"minecraft:andesite":37,"minecraft:oak_sapling":3,"minecraft:spider_eye":13,"minecraft:bow":1,"minecraft:stone_pickaxe":6,"minecraft:wooden_pickaxe":3,"minecraft:calcite":7,"minecraft:black_wool":1},"minecraft:crafted":{"minecraft:oak_planks":532,"minecraft:cooked_chicken":6,"minecraft:stone":215,"minecraft:cooked_mutton":40,"minecraft:glass":128,"minecraft:bow":4,"minecraft:iron_boots":3,"minecraft:chest":5,"minecraft:stone_hoe":1,"minecraft:golden_boots":1,"minecraft:oak_slab":156,"minecraft:cooked_porkchop":18,"minecraft:crafting_table":8,"minecraft:wooden_pickaxe":3,"minecraft:baked_potato":56,"minecraft:iron_helmet":3,"minecraft:iron_chestplate":3,"minecraft:diamond_pickaxe":1,"minecraft:shield":11,"minecraft:stick":128,"minecraft:iron_ingot":339,"minecraft:iron_pickaxe":20,"minecraft:gold_ingot":14,"minecraft:composter":1,"minecraft:stone_shovel":5,"minecraft:furnace":8,"minecraft:bone_meal":51,"minecraft:flint_and_steel":2,"minecraft:iron_axe":8,"minecraft:stone_pickaxe":6,"minecraft:wheat":1314,"minecraft:cooked_beef":11,"minecraft:enchanting_table":1,"minecraft:iron_sword":1,"minecraft:bucket":4,"minecraft:stone_axe":5,"minecraft:bread":448,"minecraft:air":0,"minecraft:oak_boat":3,"minecraft:acacia_sign":3,"minecraft:iron_leggings":2,"minecraft:white_bed":1,"minecraft:acacia_planks":72,"minecraft:torch":128},"minecraft:custom":{"minecraft:interact_with_crafting_table":129,"minecraft:leave_game":11,"minecraft:time_since_death":264884,"minecraft:sprint_one_cm":1435718,"minecraft:damage_blocked_by_shield":15879,"minecraft:drop":249,"minecraft:talked_to_villager":23,"minecraft:play_time":739289,"minecraft:deaths":7,"minecraft:jump":11698,"minecraft:walk_on_water_one_cm":108384,"minecraft:interact_with_furnace":267,"minecraft:sleep_in_bed":19,"minecraft:damage_dealt":46224,"minecraft:player_kills":4,"minecraft:crouch_one_cm":378350,"minecraft:horse_one_cm":80576,"minecraft:mob_kills":258,"minecraft:climb_one_cm":458,"minecraft:walk_one_cm":2203156,"minecraft:sneak_time":106338,"minecraft:walk_under_water_one_cm":65467,"minecraft:boat_one_cm":367308,"minecraft:total_world_time":739289,"minecraft:raid_trigger":1,"minecraft:time_since_rest":51323,"minecraft:damage_taken":11388,"minecraft:swim_one_cm":112368,"minecraft:fly_one_cm":2050861,"minecraft:open_chest":184,"minecraft:fall_one_cm":230734},"minecraft:picked_up":{"minecraft:iron_chestplate":4,"minecraft:wheat":32,"minecraft:nether_brick_fence":4,"minecraft:diamond_sword":1,"minecraft:lead":2,"minecraft:amethyst_block":5,"minecraft:string":39,"minecraft:raw_copper":26,"minecraft:iron_leggings":5,"minecraft:shroomlight":1,"minecraft:gold_nugget":43,"minecraft:cobbled_deepslate":92,"minecraft:bucket":3,"minecraft:cobblestone_slab":3,"minecraft:calcite":11,"minecraft:iron_pickaxe":11,"minecraft:melon_slice":199,"minecraft:furnace":30,"minecraft:iron_boots":5,"minecraft:stick":39,"minecraft:torch":114,"minecraft:acacia_log":21,"minecraft:porkchop":33,"minecraft:diorite":112,"minecraft:orange_bed":3,"minecraft:rotten_flesh":63,"minecraft:tropical_fish":1,"minecraft:blaze_rod":16,"minecraft:obsidian":6,"minecraft:cobblestone":3321,"minecraft:feather":3,"minecraft:cooked_beef":20,"minecraft:water_bucket":2,"minecraft:andesite":39,"minecraft:potato":201,"minecraft:tuff":29,"minecraft:acacia_boat":2,"minecraft:dirt":334,"minecraft:map":8,"minecraft:lapis_lazuli":5,"minecraft:name_tag":5,"minecraft:bone":79,"minecraft:acacia_planks":384,"minecraft:bow":5,"minecraft:wheat_seeds":116,"minecraft:raw_gold":22,"minecraft:moss_block":2,"minecraft:oak_planks":197,"minecraft:cooked_porkchop":42,"minecraft:poisonous_potato":2,"minecraft:sand":163,"minecraft:diamond":35,"minecraft:crossbow":2,"minecraft:granite":33,"minecraft:golden_apple":1,"minecraft:bread":320,"minecraft:oak_sapling":19,"minecraft:netherrack":324,"minecraft:diamond_pickaxe":2,"minecraft:crafting_table":32,"minecraft:chicken":7,"minecraft:nether_wart":65,"minecraft:shield":8,"minecraft:iron_axe":2,"minecraft:moss_carpet":1,"minecraft:beef":21,"minecraft:oak_boat":8,"minecraft:lectern":1,"minecraft:chest":1,"minecraft:egg":10,"minecraft:raw_iron":511,"minecraft:fire_charge":1,"minecraft:redstone":129,"minecraft:iron_horse_armor":1,"minecraft:weeping_vines":1,"minecraft:arrow":32,"minecraft:stone_shovel":3,"minecraft:nether_bricks":10,"minecraft:hay_block":147,"minecraft:saddle":1,"minecraft:gold_ingot":5,"minecraft:glow_berries":2,"minecraft:mutton":44,"minecraft:white_wool":40,"minecraft:leather":16,"minecraft:filled_map":1,"minecraft:oak_log":209,"minecraft:nether_wart_block":1,"minecraft:gunpowder":10,"minecraft:cobblestone_stairs":6,"minecraft:cooked_mutton":25,"minecraft:apple":4,"minecraft:iron_ingot":204,"minecraft:stone_pickaxe":5,"minecraft:cooked_chicken":4,"minecraft:soul_sand":10,"minecraft:acacia_sapling":4,"minecraft:iron_sword":6,"minecraft:book":25,"minecraft:oak_slab":7,"minecraft:smooth_basalt":12,"minecraft:dandelion":1,"minecraft:gravel":25,"minecraft:lava_bucket":5,"minecraft:blast_furnace":1,"minecraft:white_bed":9,"minecraft:spider_eye":11,"minecraft:stone_axe":1,"minecraft:iron_helmet":5,"minecraft:melon_seeds":5,"minecraft:black_wool":1,"minecraft:coal":330},"minecraft:broken":{"minecraft:stone_pickaxe":3,"minecraft:stone_axe":2,"minecraft:stone_shovel":2,"minecraft:shield":4,"minecraft:iron_axe":3,"minecraft:iron_pickaxe":13},"minecraft:killed":{"minecraft:cave_spider":4,"minecraft:witch":1,"minecraft:spider":30,"minecraft:skeleton":44,"minecraft:chicken":2,"minecraft:pig":15,"minecraft:zombie_villager":2,"minecraft:creeper":11,"minecraft:sheep":21,"minecraft:pillager":5,"minecraft:zombie":74,"minecraft:blaze":28,"minecraft:cow":11,"minecraft:vindicator":1,"minecraft:drowned":3,"minecraft:hoglin":1,"minecraft:wither_skeleton":1,"minecraft:villager":1,"minecraft:enderman":1},"minecraft:mined":{"minecraft:attached_melon_stem":2,"minecraft:white_bed":7,"minecraft:oak_sapling":2,"minecraft:cobblestone_stairs":6,"minecraft:obsidian":5,"minecraft:cave_vines_plant":1,"minecraft:granite":6,"minecraft:acacia_log":21,"minecraft:grass_block":135,"minecraft:nether_wart":40,"minecraft:spawner":3,"minecraft:weeping_vines_plant":5,"minecraft:iron_ore":321,"minecraft:cobbled_deepslate":1,"minecraft:fire":60,"minecraft:dirt_path":1,"minecraft:orange_bed":2,"minecraft:deepslate_redstone_ore":14,"minecraft:crimson_nylium":3,"minecraft:melon_stem":1,"minecraft:torch":30,"minecraft:blast_furnace":1,"minecraft:calcite":11,"minecraft:melon":42,"minecraft:chest":3,"minecraft:glass":2,"minecraft:cobblestone":1316,"minecraft:oak_planks":151,"minecraft:wall_torch":31,"minecraft:amethyst_block":5,"minecraft:seagrass":1,"minecraft:nether_wart_block":1,"minecraft:wheat":44,"minecraft:grass":218,"minecraft:oak_log":207,"minecraft:sand":143,"minecraft:dirt":103,"minecraft:smooth_basalt":12,"minecraft:acacia_sign":1,"minecraft:netherrack":331,"minecraft:oak_leaves":50,"minecraft:deepslate":79,"minecraft:nether_gold_ore":10,"minecraft:diamond_ore":2,"minecraft:tuff":29,"minecraft:deepslate_diamond_ore":12,"minecraft:nether_bricks":10,"minecraft:weeping_vines":2,"minecraft:moss_block":2,"minecraft:hay_block":147,"minecraft:furnace":23,"minecraft:andesite":39,"minecraft:nether_brick_fence":4,"minecraft:bookshelf":8,"minecraft:potatoes":70,"minecraft:shroomlight":1,"minecraft:deepslate_iron_ore":59,"minecraft:cobblestone_slab":3,"minecraft:stone":1639,"minecraft:oak_slab":5,"minecraft:acacia_leaves":11,"minecraft:soul_sand":10,"minecraft:oak_fence":2,"minecraft:crafting_table":31,"minecraft:lectern":1,"minecraft:tall_grass":9,"minecraft:copper_ore":8,"minecraft:lapis_ore":1,"minecraft:diorite":118,"minecraft:coal_ore":116,"minecraft:gravel":15,"minecraft:acacia_planks":267,"minecraft:gold_ore":21,"minecraft:fern":1},"minecraft:killed_by":{"minecraft:creeper":1,"minecraft:zombie":1,"minecraft:skeleton":2}},"DataVersion":2975}