{"stats":{"minecraft:killed_by":{"minecraft:skeleton":1,"minecraft:creeper":3,"minecraft:zombie":1,"minecraft:enderman":1},"minecraft:picked_up":{"minecraft:iron_chestplate":5,"minecraft:andesite":6,"minecraft:shield":4,"minecraft:gunpowder":8,"minecraft:dirt":7,"minecraft:lapis_lazuli":114,"minecraft:string":20,"minecraft:raw_copper":34,"minecraft:name_tag":1,"minecraft:iron_leggings":5,"minecraft:cooked_mutton":18,"minecraft:bone":26,"minecraft:acacia_planks":59,"minecraft:apple":4,"minecraft:cobbled_deepslate":30,"minecraft:bucket":1,"minecraft:stone_pickaxe":6,"minecraft:iron_ingot":63,"minecraft:iron_pickaxe":9,"minecraft:iron_sword":7,"minecraft:oak_planks":3,"minecraft:iron_boots":5,"minecraft:stick":1,"minecraft:raw_iron":89,"minecraft:torch":4,"minecraft:acacia_log":6,"minecraft:diorite":2,"minecraft:mossy_cobblestone":5,"minecraft:spider_eye":5,"minecraft:stone_sword":1,"minecraft:arrow":51,"minecraft:rotten_flesh":38,"minecraft:diamond":17,"minecraft:stone_axe":6,"minecraft:granite":47,"minecraft:bread":4,"minecraft:golden_horse_armor":5,"minecraft:saddle":8,"minecraft:gold_ingot":2,"minecraft:coal":35,"minecraft:white_wool":10,"minecraft:cobblestone":784},"minecraft:broken":{"minecraft:stone_pickaxe":1},"minecraft:crafted":{"minecraft:crafting_table":1,"minecraft:iron_helmet":1,"minecraft:stone_axe":1,"minecraft:cooked_mutton":4,"minecraft:iron_boots":1,"minecraft:iron_chestplate":1,"minecraft:shield":1,"minecraft:stick":20,"minecraft:iron_ingot":31,"minecraft:iron_pickaxe":2,"minecraft:stone_pickaxe":4,"minecraft:stone_sword":1,"minecraft:iron_leggings":1,"minecraft:acacia_planks":24,"minecraft:torch":16},"minecraft:dropped":{"minecraft:stone_sword":1,"minecraft:mossy_cobblestone":5,"minecraft:rotten_flesh":2,"minecraft:oak_planks":3,"minecraft:stick":1,"minecraft:dirt":1,"minecraft:shield":1,"minecraft:diorite":1,"minecraft:andesite":3,"minecraft:spider_eye":4,"minecraft:stone_pickaxe":2,"minecraft:bucket":1},"minecraft:mined":{"minecraft:deepslate_diamond_ore":2,"minecraft:granite":24,"minecraft:acacia_log":7,"minecraft:copper_ore":4,"minecraft:cobblestone":29,"minecraft:lapis_ore":9,"minecraft:oak_planks":2,"minecraft:diorite":1,"minecraft:iron_ore":32,"minecraft:andesite":3,"minecraft:coal_ore":15,"minecraft:deepslate_iron_ore":15,"minecraft:dirt":7,"minecraft:cobweb":6,"minecraft:stone":124,"minecraft:deepslate":19},"minecraft:killed":{"minecraft:cave_spider":1,"minecraft:spider":1,"minecraft:skeleton":6,"minecraft:zombie":8},"minecraft:custom":{"minecraft:interact_with_furnace":23,"minecraft:mob_kills":16,"minecraft:interact_with_crafting_table":10,"minecraft:leave_game":3,"minecraft:time_since_death":23070,"minecraft:sleep_in_bed":1,"minecraft:time_since_rest":2336,"minecraft:sprint_one_cm":149459,"minecraft:damage_taken":2760,"minecraft:walk_one_cm":231319,"minecraft:damage_blocked_by_shield":258,"minecraft:drop":17,"minecraft:damage_dealt":2903,"minecraft:player_kills":2,"minecraft:swim_one_cm":6852,"minecraft:fly_one_cm":139691,"minecraft:open_chest":10,"minecraft:crouch_one_cm":8109,"minecraft:play_time":90079,"minecraft:deaths":7,"minecraft:sneak_time":4614,"minecraft:walk_under_water_one_cm":4805,"minecraft:jump":1080,"minecraft:walk_on_water_one_cm":9166,"minecraft:total_world_time":90079,"minecraft:fall_one_cm":19777},"minecraft:used":{"minecraft:cooked_mutton":9,"minecraft:water_bucket":1,"minecraft:stone_sword":53,"minecraft:stone_pickaxe":232,"minecraft:shield":10,"minecraft:iron_sword":55,"minecraft:rotten_flesh":9,"minecraft:torch":5,"minecraft:dirt":8,"minecraft:crafting_table":1,"minecraft:lava_bucket":1,"minecraft:diamond_pickaxe":10,"minecraft:apple":2,"minecraft:bread":2,"minecraft:iron_pickaxe":43,"minecraft:stone_axe":2,"minecraft:cobblestone":191,"minecraft:bucket":2,"minecraft:cobbled_deepslate":3}},"DataVersion":2975}