{"stats":{"minecraft:dropped":{"minecraft:stone_sword":1,"minecraft:mossy_cobblestone":5,"minecraft:rotten_flesh":2,"minecraft:oak_planks":3,"minecraft:stick":1,"minecraft:shield":1,"minecraft:diorite":1,"minecraft:andesite":3,"minecraft:spider_eye":4,"minecraft:stone_pickaxe":2},"minecraft:crafted":{"minecraft:crafting_table":1,"minecraft:iron_helmet":1,"minecraft:stone_axe":1,"minecraft:cooked_mutton":4,"minecraft:iron_boots":1,"minecraft:iron_chestplate":1,"minecraft:shield":1,"minecraft:stick":20,"minecraft:stone_pickaxe":4,"minecraft:iron_ingot":31,"minecraft:iron_pickaxe":2,"minecraft:stone_sword":1,"minecraft:iron_leggings":1,"minecraft:acacia_planks":24,"minecraft:torch":16},"minecraft:used":{"minecraft:cooked_mutton":6,"minecraft:stone_sword":53,"minecraft:stone_pickaxe":232,"minecraft:shield":10,"minecraft:iron_sword":55,"minecraft:rotten_flesh":9,"minecraft:torch":5,"minecraft:crafting_table":1,"minecraft:apple":2,"minecraft:bread":2,"minecraft:iron_pickaxe":22,"minecraft:stone_axe":2,"minecraft:cobblestone":46,"minecraft:cobbled_deepslate":3},"minecraft:killed":{"minecraft:cave_spider":1,"minecraft:spider":1,"minecraft:skeleton":6,"minecraft:zombie":8},"minecraft:mined":{"minecraft:deepslate_diamond_ore":2,"minecraft:granite":24,"minecraft:acacia_log":7,"minecraft:cobblestone":5,"minecraft:copper_ore":4,"minecraft:lapis_ore":9,"minecraft:oak_planks":2,"minecraft:diorite":1,"minecraft:iron_ore":32,"minecraft:andesite":3,"minecraft:coal_ore":15,"minecraft:deepslate_iron_ore":15,"minecraft:cobweb":6,"minecraft:stone":124,"minecraft:deepslate":19},"minecraft:killed_by":{"minecraft:skeleton":1,"minecraft:creeper":3,"minecraft:zombie":1,"minecraft:enderman":1},"minecraft:custom":{"minecraft:interact_with_furnace":23,"minecraft:mob_kills":16,"minecraft:interact_with_crafting_table":10,"minecraft:leave_game":3,"minecraft:time_since_death":2795,"minecraft:time_since_rest":2828,"minecraft:sprint_one_cm":123727,"minecraft:damage_taken":2712,"minecraft:walk_one_cm":198389,"minecraft:damage_blocked_by_shield":258,"minecraft:drop":15,"minecraft:damage_dealt":2903,"minecraft:swim_one_cm":6852,"minecraft:player_kills":2,"minecraft:fly_one_cm":109140,"minecraft:open_chest":3,"minecraft:crouch_one_cm":326,"minecraft:play_time":69804,"minecraft:deaths":7,"minecraft:sneak_time":170,"minecraft:walk_under_water_one_cm":3592,"minecraft:jump":817,"minecraft:walk_on_water_one_cm":7259,"minecraft:total_world_time":69804,"minecraft:fall_one_cm":18130},"minecraft:picked_up":{"minecraft:iron_chestplate":5,"minecraft:andesite":6,"minecraft:shield":4,"minecraft:gunpowder":8,"minecraft:lapis_lazuli":114,"minecraft:string":20,"minecraft:raw_copper":34,"minecraft:name_tag":1,"minecraft:iron_leggings":5,"minecraft:cooked_mutton":18,"minecraft:bone":26,"minecraft:acacia_planks":59,"minecraft:apple":4,"minecraft:cobbled_deepslate":30,"minecraft:iron_ingot":63,"minecraft:stone_pickaxe":6,"minecraft:iron_pickaxe":9,"minecraft:oak_planks":3,"minecraft:iron_sword":7,"minecraft:iron_boots":5,"minecraft:stick":1,"minecraft:raw_iron":89,"minecraft:torch":4,"minecraft:acacia_log":6,"minecraft:diorite":2,"minecraft:spider_eye":5,"minecraft:mossy_cobblestone":5,"minecraft:stone_sword":1,"minecraft:arrow":51,"minecraft:rotten_flesh":38,"minecraft:diamond":17,"minecraft:stone_axe":6,"minecraft:granite":47,"minecraft:gold_ingot":2,"minecraft:saddle":8,"minecraft:golden_horse_armor":5,"minecraft:bread":4,"minecraft:coal":35,"minecraft:white_wool":10,"minecraft:cobblestone":767},"minecraft:broken":{"minecraft:stone_pickaxe":1}},"DataVersion":2975}