{"stats":{"minecraft:used":{"minecraft:flint_and_steel":19,"minecraft:stone_shovel":117,"minecraft:chest":3,"minecraft:shield":66,"minecraft:iron_sword":18,"minecraft:netherrack":11,"minecraft:oak_door":8,"minecraft:torch":111,"minecraft:dirt":5,"minecraft:obsidian":2,"minecraft:glass":108,"minecraft:wooden_axe":117,"minecraft:iron_axe":469,"minecraft:melon_seeds":3,"minecraft:golden_sword":56,"minecraft:bow":3,"minecraft:golden_axe":4,"minecraft:cobbled_deepslate":23,"minecraft:acacia_planks":296,"minecraft:acacia_boat":1,"minecraft:cooked_mutton":1,"minecraft:wheat_seeds":225,"minecraft:water_bucket":26,"minecraft:cobblestone_stairs":57,"minecraft:stone_pickaxe":480,"minecraft:oak_planks":557,"minecraft:wooden_pickaxe":112,"minecraft:cobblestone_slab":618,"minecraft:glow_berries":2,"minecraft:mossy_cobblestone":1,"minecraft:oak_slab":782,"minecraft:crafting_table":8,"minecraft:white_bed":12,"minecraft:diamond_pickaxe":1137,"minecraft:bread":132,"minecraft:melon_slice":46,"minecraft:brown_wool":1,"minecraft:iron_pickaxe":1377,"minecraft:gravel":1,"minecraft:stone_axe":31,"minecraft:wooden_sword":185,"minecraft:cobblestone":2066,"minecraft:bucket":31},"minecraft:dropped":{"minecraft:bread":3,"minecraft:iron_sword":1,"minecraft:porkchop":6,"minecraft:oak_log":31,"minecraft:minecart":1,"minecraft:glow_berries":3,"minecraft:cobblestone":213,"minecraft:book":1,"minecraft:golden_apple":1,"minecraft:stick":25,"minecraft:lava_bucket":5,"minecraft:mutton":13,"minecraft:fire_charge":1,"minecraft:white_banner":3,"minecraft:glistering_melon_slice":1,"minecraft:white_wool":1,"minecraft:dandelion":2,"minecraft:gold_ingot":8,"minecraft:bone":4,"minecraft:gravel":63,"minecraft:blaze_rod":6,"minecraft:cobbled_deepslate":8,"minecraft:raw_iron":4,"minecraft:stone_shovel":1,"minecraft:chicken":5,"minecraft:rotten_flesh":11,"minecraft:oak_planks":6,"minecraft:iron_boots":1,"minecraft:name_tag":1,"minecraft:hay_block":3,"minecraft:andesite":12,"minecraft:golden_leggings":1,"minecraft:oak_sapling":1,"minecraft:chest":1,"minecraft:arrow":6,"minecraft:stone_pickaxe":1,"minecraft:wooden_pickaxe":1},"minecraft:crafted":{"minecraft:wooden_sword":2,"minecraft:oak_door":12,"minecraft:oak_planks":779,"minecraft:cobblestone_slab":570,"minecraft:stone_shovel":1,"minecraft:oak_pressure_plate":1,"minecraft:cobblestone_stairs":60,"minecraft:iron_axe":1,"minecraft:stone_pickaxe":5,"minecraft:chest":2,"minecraft:oak_button":14,"minecraft:golden_boots":1,"minecraft:glistering_melon_slice":2,"minecraft:oak_slab":690,"minecraft:crafting_table":4,"minecraft:wooden_pickaxe":2,"minecraft:iron_sword":1,"minecraft:stone_axe":2,"minecraft:acacia_boat":1,"minecraft:bread":68,"minecraft:air":0,"minecraft:diamond_pickaxe":1,"minecraft:stick":96,"minecraft:iron_ingot":2,"minecraft:iron_pickaxe":2,"minecraft:wooden_axe":2,"minecraft:stone_sword":1,"minecraft:gold_ingot":16,"minecraft:white_bed":2,"minecraft:acacia_planks":346,"minecraft:torch":88},"minecraft:custom":{"minecraft:mob_kills":62,"minecraft:interact_with_crafting_table":45,"minecraft:bell_ring":2,"minecraft:leave_game":4,"minecraft:time_since_death":77184,"minecraft:climb_one_cm":1661,"minecraft:sprint_one_cm":1775698,"minecraft:walk_one_cm":2428398,"minecraft:damage_blocked_by_shield":2463,"minecraft:drop":80,"minecraft:play_time":695698,"minecraft:sneak_time":17847,"minecraft:deaths":18,"minecraft:walk_under_water_one_cm":59589,"minecraft:boat_one_cm":96330,"minecraft:jump":5309,"minecraft:walk_on_water_one_cm":54409,"minecraft:total_world_time":695698,"minecraft:interact_with_furnace":21,"minecraft:interact_with_cartography_table":1,"minecraft:interact_with_loom":1,"minecraft:interact_with_stonecutter":1,"minecraft:interact_with_grindstone":2,"minecraft:sleep_in_bed":17,"minecraft:time_since_rest":15323,"minecraft:damage_taken":10801,"minecraft:damage_dealt":8365,"minecraft:swim_one_cm":26528,"minecraft:fly_one_cm":273805,"minecraft:open_chest":135,"minecraft:crouch_one_cm":67034,"minecraft:interact_with_smoker":1,"minecraft:fall_one_cm":97263,"minecraft:horse_one_cm":955},"minecraft:picked_up":{"minecraft:iron_chestplate":10,"minecraft:crafting_table":6,"minecraft:wheat":241,"minecraft:chicken":5,"minecraft:wooden_pickaxe":1,"minecraft:gold_block":1,"minecraft:shield":9,"minecraft:golden_sword":3,"minecraft:string":11,"minecraft:raw_copper":12,"minecraft:iron_axe":10,"minecraft:wooden_sword":1,"minecraft:flint_and_steel":2,"minecraft:iron_leggings":1,"minecraft:blackstone":16,"minecraft:activator_rail":3,"minecraft:cobbled_deepslate":40,"minecraft:gold_nugget":16,"minecraft:detector_rail":3,"minecraft:bucket":5,"minecraft:cobblestone_slab":88,"minecraft:iron_nugget":14,"minecraft:iron_pickaxe":14,"minecraft:minecart":4,"minecraft:melon_slice":223,"minecraft:chest":2,"minecraft:iron_boots":9,"minecraft:egg":7,"minecraft:stick":226,"minecraft:raw_iron":154,"minecraft:oak_door":2,"minecraft:torch":274,"minecraft:acacia_log":88,"minecraft:porkchop":6,"minecraft:golden_axe":1,"minecraft:redstone":25,"minecraft:arrow":16,"minecraft:stone_shovel":1,"minecraft:rotten_flesh":15,"minecraft:hay_block":3,"minecraft:blaze_rod":6,"minecraft:gold_ingot":2,"minecraft:glistering_melon_slice":3,"minecraft:glow_berries":3,"minecraft:obsidian":2,"minecraft:mutton":14,"minecraft:white_wool":19,"minecraft:cobblestone":3358,"minecraft:leather_chestplate":3,"minecraft:feather":8,"minecraft:magma_cream":1,"minecraft:water_bucket":3,"minecraft:andesite":12,"minecraft:brown_wool":2,"minecraft:leather":1,"minecraft:golden_leggings":10,"minecraft:flint":10,"minecraft:oak_log":638,"minecraft:acacia_boat":1,"minecraft:golden_boots":2,"minecraft:gunpowder":1,"minecraft:cobblestone_stairs":78,"minecraft:lapis_lazuli":50,"minecraft:map":2,"minecraft:dirt":56,"minecraft:white_banner":3,"minecraft:name_tag":1,"minecraft:cooked_mutton":76,"minecraft:bone":25,"minecraft:acacia_planks":263,"minecraft:apple":60,"minecraft:bow":5,"minecraft:wheat_seeds":684,"minecraft:raw_gold":78,"minecraft:iron_ingot":5,"minecraft:stone_pickaxe":15,"minecraft:glass_bottle":8,"minecraft:powered_rail":4,"minecraft:soul_sand":5,"minecraft:iron_sword":2,"minecraft:oak_planks":343,"minecraft:acacia_sapling":1,"minecraft:book":4,"minecraft:oak_slab":161,"minecraft:warped_fungus":1,"minecraft:stone_brick_slab":6,"minecraft:dandelion":2,"minecraft:gravel":134,"minecraft:melon":1,"minecraft:spectral_arrow":18,"minecraft:white_bed":10,"minecraft:crying_obsidian":2,"minecraft:spider_eye":3,"minecraft:mossy_cobblestone":6,"minecraft:diamond":38,"minecraft:stone_axe":9,"minecraft:iron_helmet":10,"minecraft:golden_apple":7,"minecraft:emerald":10,"minecraft:bread":952,"minecraft:oak_sapling":3,"minecraft:netherrack":13,"minecraft:melon_seeds":24,"minecraft:coal":45,"minecraft:crimson_roots":1,"minecraft:diamond_pickaxe":2},"minecraft:broken":{"minecraft:golden_boots":1,"minecraft:wooden_pickaxe":1,"minecraft:stone_pickaxe":2,"minecraft:shield":1,"minecraft:iron_axe":2,"minecraft:wooden_sword":1,"minecraft:iron_pickaxe":5,"minecraft:wooden_axe":2},"minecraft:killed":{"minecraft:cave_spider":1,"minecraft:spider":5,"minecraft:skeleton":11,"minecraft:chicken":5,"minecraft:magma_cube":7,"minecraft:pig":2,"minecraft:sheep":9,"minecraft:zombie":12,"minecraft:donkey":1,"minecraft:wither_skeleton":1,"minecraft:blaze":5},"minecraft:mined":{"minecraft:white_bed":10,"minecraft:attached_melon_stem":4,"minecraft:farmland":1,"minecraft:deepslate_diamond_ore":6,"minecraft:oak_door":2,"minecraft:cobblestone_stairs":25,"minecraft:obsidian":1,"minecraft:glow_lichen":1,"minecraft:acacia_log":93,"minecraft:grass_block":3,"minecraft:brown_wool":1,"minecraft:weeping_vines_plant":3,"minecraft:redstone_ore":1,"minecraft:iron_ore":27,"minecraft:fire":26,"minecraft:cobbled_deepslate":15,"minecraft:andesite":6,"minecraft:deepslate_lapis_ore":2,"minecraft:gold_block":1,"minecraft:cobblestone_slab":53,"minecraft:deepslate_iron_ore":3,"minecraft:stone":2542,"minecraft:white_wool":2,"minecraft:deepslate_redstone_ore":1,"minecraft:oak_slab":30,"minecraft:acacia_leaves":9,"minecraft:melon_stem":13,"minecraft:crimson_nylium":6,"minecraft:stone_brick_slab":2,"minecraft:dandelion":1,"minecraft:crafting_table":6,"minecraft:torch":32,"minecraft:melon":8,"minecraft:rose_bush":2,"minecraft:copper_ore":2,"minecraft:tall_grass":22,"minecraft:cobblestone":223,"minecraft:oak_planks":48,"minecraft:wall_torch":2,"minecraft:wheat":256,"minecraft:birch_leaves":10,"minecraft:warped_fungus":1,"minecraft:bee_nest":1,"minecraft:grass":160,"minecraft:oak_log":212,"minecraft:coal_ore":26,"minecraft:gravel":88,"minecraft:dirt":48,"minecraft:cracked_stone_bricks":2,"minecraft:acacia_planks":12,"minecraft:stone_bricks":2,"minecraft:netherrack":3,"minecraft:gold_ore":7,"minecraft:oak_leaves":44,"minecraft:deepslate":25},"minecraft:killed_by":{"minecraft:player":5,"minecraft:creeper":1,"minecraft:enderman":2,"minecraft:vindicator":1,"minecraft:cave_spider":1,"minecraft:skeleton":1,"minecraft:zombie":2}},"DataVersion":2975}