{"stats":{"minecraft:crafted":{"minecraft:wooden_sword":2,"minecraft:oak_slab":96,"minecraft:stone_shovel":1,"minecraft:crafting_table":2,"minecraft:oak_pressure_plate":1,"minecraft:wooden_pickaxe":2,"minecraft:iron_sword":1,"minecraft:bread":4,"minecraft:air":0,"minecraft:diamond_pickaxe":1,"minecraft:iron_axe":1,"minecraft:stick":28,"minecraft:iron_ingot":2,"minecraft:stone_pickaxe":4,"minecraft:wooden_axe":2,"minecraft:oak_button":14,"minecraft:acacia_planks":294},"minecraft:picked_up":{"minecraft:wheat":12,"minecraft:crafting_table":5,"minecraft:leather_chestplate":3,"minecraft:feather":8,"minecraft:chicken":5,"minecraft:brown_wool":2,"minecraft:leather":1,"minecraft:wooden_pickaxe":1,"minecraft:flint":10,"minecraft:shield":1,"minecraft:gunpowder":1,"minecraft:map":2,"minecraft:dirt":44,"minecraft:raw_copper":8,"minecraft:wooden_sword":1,"minecraft:flint_and_steel":1,"minecraft:acacia_planks":253,"minecraft:wheat_seeds":58,"minecraft:gold_nugget":16,"minecraft:cobbled_deepslate":11,"minecraft:iron_ingot":5,"minecraft:stone_pickaxe":1,"minecraft:iron_nugget":14,"minecraft:iron_pickaxe":3,"minecraft:oak_planks":64,"minecraft:iron_sword":2,"minecraft:acacia_sapling":1,"minecraft:egg":4,"minecraft:oak_slab":5,"minecraft:stick":6,"minecraft:raw_iron":6,"minecraft:warped_fungus":1,"minecraft:stone_brick_slab":6,"minecraft:acacia_log":75,"minecraft:gravel":134,"minecraft:porkchop":6,"minecraft:redstone":5,"minecraft:crying_obsidian":2,"minecraft:mossy_cobblestone":6,"minecraft:stone_shovel":1,"minecraft:rotten_flesh":2,"minecraft:diamond":3,"minecraft:stone_axe":1,"minecraft:emerald":4,"minecraft:obsidian":1,"minecraft:melon_seeds":1,"minecraft:glow_berries":1,"minecraft:mutton":14,"minecraft:white_wool":18,"minecraft:cobblestone":1281,"minecraft:diamond_pickaxe":1},"minecraft:mined":{"minecraft:oak_slab":3,"minecraft:deepslate_redstone_ore":1,"minecraft:acacia_leaves":9,"minecraft:melon_stem":1,"minecraft:stone_brick_slab":2,"minecraft:crafting_table":5,"minecraft:glow_lichen":1,"minecraft:acacia_log":80,"minecraft:grass_block":1,"minecraft:copper_ore":1,"minecraft:tall_grass":14,"minecraft:cobblestone":62,"minecraft:fire":8,"minecraft:wheat":26,"minecraft:warped_fungus":1,"minecraft:grass":135,"minecraft:gravel":88,"minecraft:dirt":46,"minecraft:cracked_stone_bricks":2,"minecraft:acacia_planks":3,"minecraft:stone_bricks":2,"minecraft:stone":926,"minecraft:netherrack":2,"minecraft:white_wool":2,"minecraft:deepslate":10},"minecraft:killed_by":{"minecraft:player":4,"minecraft:skeleton":1,"minecraft:creeper":1,"minecraft:zombie":1},"minecraft:custom":{"minecraft:interact_with_furnace":4,"minecraft:mob_kills":20,"minecraft:interact_with_crafting_table":15,"minecraft:interact_with_grindstone":2,"minecraft:time_since_death":17028,"minecraft:sleep_in_bed":1,"minecraft:time_since_rest":17068,"minecraft:sprint_one_cm":207635,"minecraft:damage_taken":2770,"minecraft:walk_one_cm":509117,"minecraft:drop":12,"minecraft:damage_dealt":2156,"minecraft:fly_one_cm":38157,"minecraft:open_chest":17,"minecraft:crouch_one_cm":15235,"minecraft:play_time":107755,"minecraft:deaths":9,"minecraft:sneak_time":3990,"minecraft:jump":1120,"minecraft:walk_on_water_one_cm":849,"minecraft:total_world_time":107755,"minecraft:interact_with_smoker":1,"minecraft:fall_one_cm":11039,"minecraft:horse_one_cm":955},"minecraft:broken":{"minecraft:stone_pickaxe":1,"minecraft:wooden_sword":1,"minecraft:wooden_axe":2,"minecraft:wooden_pickaxe":1},"minecraft:used":{"minecraft:flint_and_steel":11,"minecraft:stone_pickaxe":276,"minecraft:stone_shovel":117,"minecraft:wooden_pickaxe":112,"minecraft:iron_sword":18,"minecraft:torch":1,"minecraft:mossy_cobblestone":1,"minecraft:oak_slab":45,"minecraft:crafting_table":6,"minecraft:obsidian":1,"minecraft:wooden_axe":117,"minecraft:diamond_pickaxe":594,"minecraft:iron_axe":3,"minecraft:bread":7,"minecraft:brown_wool":1,"minecraft:iron_pickaxe":92,"minecraft:gravel":1,"minecraft:stone_axe":1,"minecraft:wooden_sword":185,"minecraft:cobblestone":473,"minecraft:cobbled_deepslate":2,"minecraft:acacia_planks":252},"minecraft:dropped":{"minecraft:gravel":63,"minecraft:iron_sword":1,"minecraft:porkchop":6,"minecraft:chicken":5,"minecraft:cobblestone":7,"minecraft:glow_berries":2,"minecraft:stick":6,"minecraft:mutton":13,"minecraft:wooden_pickaxe":1,"minecraft:gold_ingot":2},"minecraft:killed":{"minecraft:pig":2,"minecraft:sheep":9,"minecraft:zombie":1,"minecraft:donkey":1,"minecraft:chicken":5}},"DataVersion":2975}