{"stats":{"minecraft:killed_by":{"minecraft:player":5,"minecraft:creeper":1,"minecraft:enderman":1,"minecraft:vindicator":1,"minecraft:cave_spider":1,"minecraft:skeleton":1,"minecraft:zombie":2},"minecraft:broken":{"minecraft:golden_boots":1,"minecraft:wooden_pickaxe":1,"minecraft:stone_pickaxe":1,"minecraft:iron_axe":2,"minecraft:wooden_sword":1,"minecraft:iron_pickaxe":3,"minecraft:wooden_axe":2},"minecraft:picked_up":{"minecraft:crafting_table":5,"minecraft:iron_chestplate":9,"minecraft:wheat":241,"minecraft:chicken":5,"minecraft:wooden_pickaxe":1,"minecraft:gold_block":1,"minecraft:shield":9,"minecraft:golden_sword":2,"minecraft:string":3,"minecraft:raw_copper":12,"minecraft:iron_axe":9,"minecraft:wooden_sword":1,"minecraft:flint_and_steel":1,"minecraft:iron_leggings":1,"minecraft:activator_rail":3,"minecraft:cobbled_deepslate":25,"minecraft:gold_nugget":16,"minecraft:detector_rail":3,"minecraft:bucket":5,"minecraft:cobblestone_slab":88,"minecraft:iron_nugget":14,"minecraft:iron_pickaxe":14,"minecraft:minecart":4,"minecraft:melon_slice":223,"minecraft:chest":2,"minecraft:iron_boots":9,"minecraft:egg":5,"minecraft:stick":226,"minecraft:raw_iron":154,"minecraft:oak_door":2,"minecraft:torch":237,"minecraft:acacia_log":75,"minecraft:porkchop":6,"minecraft:golden_axe":1,"minecraft:redstone":25,"minecraft:arrow":14,"minecraft:stone_shovel":1,"minecraft:rotten_flesh":13,"minecraft:hay_block":3,"minecraft:glistering_melon_slice":3,"minecraft:glow_berries":3,"minecraft:obsidian":2,"minecraft:mutton":14,"minecraft:white_wool":19,"minecraft:cobblestone":2702,"minecraft:leather_chestplate":3,"minecraft:feather":8,"minecraft:water_bucket":3,"minecraft:andesite":12,"minecraft:brown_wool":2,"minecraft:leather":1,"minecraft:golden_leggings":9,"minecraft:flint":10,"minecraft:oak_log":638,"minecraft:golden_boots":2,"minecraft:gunpowder":1,"minecraft:cobblestone_stairs":51,"minecraft:lapis_lazuli":50,"minecraft:map":2,"minecraft:dirt":49,"minecraft:white_banner":3,"minecraft:name_tag":1,"minecraft:cooked_mutton":76,"minecraft:bone":20,"minecraft:acacia_planks":254,"minecraft:apple":60,"minecraft:bow":5,"minecraft:wheat_seeds":683,"minecraft:raw_gold":78,"minecraft:iron_ingot":5,"minecraft:stone_pickaxe":14,"minecraft:glass_bottle":8,"minecraft:powered_rail":4,"minecraft:acacia_sapling":1,"minecraft:iron_sword":2,"minecraft:oak_planks":315,"minecraft:book":4,"minecraft:oak_slab":138,"minecraft:warped_fungus":1,"minecraft:stone_brick_slab":6,"minecraft:dandelion":2,"minecraft:gravel":134,"minecraft:melon":1,"minecraft:white_bed":9,"minecraft:crying_obsidian":2,"minecraft:spider_eye":3,"minecraft:mossy_cobblestone":6,"minecraft:diamond":31,"minecraft:stone_axe":8,"minecraft:iron_helmet":9,"minecraft:golden_apple":6,"minecraft:bread":910,"minecraft:emerald":10,"minecraft:oak_sapling":3,"minecraft:melon_seeds":24,"minecraft:coal":34,"minecraft:diamond_pickaxe":2},"minecraft:crafted":{"minecraft:wooden_sword":2,"minecraft:oak_door":12,"minecraft:oak_planks":535,"minecraft:cobblestone_slab":570,"minecraft:stone_shovel":1,"minecraft:oak_pressure_plate":1,"minecraft:cobblestone_stairs":60,"minecraft:iron_axe":1,"minecraft:stone_pickaxe":5,"minecraft:chest":2,"minecraft:oak_button":14,"minecraft:glistering_melon_slice":2,"minecraft:oak_slab":690,"minecraft:crafting_table":3,"minecraft:wooden_pickaxe":2,"minecraft:iron_sword":1,"minecraft:stone_axe":2,"minecraft:bread":68,"minecraft:air":0,"minecraft:diamond_pickaxe":1,"minecraft:stick":80,"minecraft:iron_ingot":2,"minecraft:wooden_axe":2,"minecraft:stone_sword":1,"minecraft:white_bed":2,"minecraft:acacia_planks":294,"minecraft:torch":40},"minecraft:dropped":{"minecraft:bread":3,"minecraft:iron_sword":1,"minecraft:porkchop":6,"minecraft:oak_log":31,"minecraft:minecart":1,"minecraft:glow_berries":3,"minecraft:cobblestone":213,"minecraft:book":1,"minecraft:golden_apple":1,"minecraft:stick":25,"minecraft:lava_bucket":5,"minecraft:mutton":13,"minecraft:white_banner":3,"minecraft:glistering_melon_slice":1,"minecraft:white_wool":1,"minecraft:dandelion":2,"minecraft:gold_ingot":2,"minecraft:bone":4,"minecraft:gravel":63,"minecraft:cobbled_deepslate":8,"minecraft:raw_iron":4,"minecraft:stone_shovel":1,"minecraft:chicken":5,"minecraft:rotten_flesh":11,"minecraft:oak_planks":6,"minecraft:iron_boots":1,"minecraft:name_tag":1,"minecraft:hay_block":3,"minecraft:andesite":12,"minecraft:golden_leggings":1,"minecraft:oak_sapling":1,"minecraft:chest":1,"minecraft:arrow":6,"minecraft:wooden_pickaxe":1},"minecraft:killed":{"minecraft:cave_spider":1,"minecraft:spider":3,"minecraft:skeleton":7,"minecraft:chicken":5,"minecraft:pig":2,"minecraft:sheep":9,"minecraft:zombie":10,"minecraft:donkey":1},"minecraft:custom":{"minecraft:mob_kills":41,"minecraft:interact_with_crafting_table":40,"minecraft:bell_ring":2,"minecraft:leave_game":3,"minecraft:time_since_death":21351,"minecraft:climb_one_cm":356,"minecraft:sprint_one_cm":1098405,"minecraft:walk_one_cm":1767925,"minecraft:damage_blocked_by_shield":1378,"minecraft:drop":68,"minecraft:play_time":523469,"minecraft:sneak_time":14644,"minecraft:deaths":17,"minecraft:walk_under_water_one_cm":47609,"minecraft:boat_one_cm":10476,"minecraft:jump":4000,"minecraft:walk_on_water_one_cm":47902,"minecraft:total_world_time":523469,"minecraft:interact_with_furnace":7,"minecraft:interact_with_cartography_table":1,"minecraft:interact_with_loom":1,"minecraft:interact_with_stonecutter":1,"minecraft:interact_with_grindstone":2,"minecraft:sleep_in_bed":9,"minecraft:time_since_rest":21380,"minecraft:damage_taken":8089,"minecraft:damage_dealt":5736,"minecraft:swim_one_cm":23695,"minecraft:fly_one_cm":192115,"minecraft:open_chest":69,"minecraft:crouch_one_cm":55801,"minecraft:interact_with_smoker":1,"minecraft:fall_one_cm":77994,"minecraft:horse_one_cm":955},"minecraft:mined":{"minecraft:white_bed":9,"minecraft:attached_melon_stem":4,"minecraft:farmland":1,"minecraft:deepslate_diamond_ore":6,"minecraft:oak_door":2,"minecraft:cobblestone_stairs":25,"minecraft:obsidian":1,"minecraft:glow_lichen":1,"minecraft:acacia_log":80,"minecraft:grass_block":1,"minecraft:brown_wool":1,"minecraft:redstone_ore":1,"minecraft:iron_ore":27,"minecraft:fire":9,"minecraft:andesite":6,"minecraft:deepslate_lapis_ore":2,"minecraft:gold_block":1,"minecraft:cobblestone_slab":53,"minecraft:deepslate_iron_ore":3,"minecraft:stone":1976,"minecraft:white_wool":2,"minecraft:deepslate_redstone_ore":1,"minecraft:oak_slab":30,"minecraft:acacia_leaves":9,"minecraft:melon_stem":13,"minecraft:stone_brick_slab":2,"minecraft:dandelion":1,"minecraft:crafting_table":5,"minecraft:torch":21,"minecraft:melon":8,"minecraft:rose_bush":2,"minecraft:copper_ore":2,"minecraft:tall_grass":22,"minecraft:cobblestone":154,"minecraft:oak_planks":20,"minecraft:wall_torch":2,"minecraft:wheat":256,"minecraft:birch_leaves":10,"minecraft:warped_fungus":1,"minecraft:bee_nest":1,"minecraft:grass":159,"minecraft:oak_log":212,"minecraft:coal_ore":25,"minecraft:gravel":88,"minecraft:dirt":48,"minecraft:cracked_stone_bricks":2,"minecraft:acacia_planks":3,"minecraft:stone_bricks":2,"minecraft:netherrack":2,"minecraft:gold_ore":7,"minecraft:oak_leaves":43,"minecraft:deepslate":25},"minecraft:used":{"minecraft:flint_and_steel":11,"minecraft:stone_shovel":117,"minecraft:chest":3,"minecraft:shield":46,"minecraft:iron_sword":18,"minecraft:oak_door":8,"minecraft:torch":53,"minecraft:dirt":5,"minecraft:obsidian":1,"minecraft:wooden_axe":117,"minecraft:iron_axe":389,"minecraft:melon_seeds":3,"minecraft:golden_sword":45,"minecraft:bow":2,"minecraft:golden_axe":4,"minecraft:cobbled_deepslate":8,"minecraft:acacia_planks":252,"minecraft:cooked_mutton":1,"minecraft:wheat_seeds":225,"minecraft:water_bucket":26,"minecraft:cobblestone_stairs":57,"minecraft:stone_pickaxe":321,"minecraft:oak_planks":83,"minecraft:wooden_pickaxe":112,"minecraft:cobblestone_slab":618,"minecraft:glow_berries":2,"minecraft:mossy_cobblestone":1,"minecraft:oak_slab":782,"minecraft:crafting_table":7,"minecraft:white_bed":11,"minecraft:diamond_pickaxe":1137,"minecraft:bread":66,"minecraft:melon_slice":46,"minecraft:brown_wool":1,"minecraft:iron_pickaxe":877,"minecraft:gravel":1,"minecraft:stone_axe":9,"minecraft:wooden_sword":185,"minecraft:cobblestone":859,"minecraft:bucket":31}},"DataVersion":2975}