{"stats":{"minecraft:crafted":{"minecraft:wooden_sword":2,"minecraft:oak_door":12,"minecraft:oak_planks":255,"minecraft:stone_shovel":1,"minecraft:cobblestone_slab":570,"minecraft:oak_pressure_plate":1,"minecraft:cobblestone_stairs":60,"minecraft:iron_axe":1,"minecraft:stone_pickaxe":4,"minecraft:oak_button":14,"minecraft:glistering_melon_slice":2,"minecraft:oak_slab":690,"minecraft:crafting_table":2,"minecraft:wooden_pickaxe":2,"minecraft:iron_sword":1,"minecraft:bread":4,"minecraft:air":0,"minecraft:diamond_pickaxe":1,"minecraft:stick":28,"minecraft:iron_ingot":2,"minecraft:wooden_axe":2,"minecraft:white_bed":2,"minecraft:acacia_planks":294},"minecraft:picked_up":{"minecraft:crafting_table":5,"minecraft:iron_chestplate":1,"minecraft:wheat":12,"minecraft:chicken":5,"minecraft:wooden_pickaxe":1,"minecraft:shield":1,"minecraft:string":1,"minecraft:raw_copper":12,"minecraft:wooden_sword":1,"minecraft:flint_and_steel":1,"minecraft:iron_leggings":1,"minecraft:gold_nugget":16,"minecraft:cobbled_deepslate":11,"minecraft:cobblestone_slab":66,"minecraft:iron_nugget":14,"minecraft:iron_pickaxe":3,"minecraft:melon_slice":13,"minecraft:iron_boots":1,"minecraft:egg":4,"minecraft:stick":9,"minecraft:raw_iron":10,"minecraft:oak_door":2,"minecraft:torch":9,"minecraft:acacia_log":75,"minecraft:porkchop":6,"minecraft:redstone":5,"minecraft:rotten_flesh":2,"minecraft:stone_shovel":1,"minecraft:glistering_melon_slice":1,"minecraft:mutton":14,"minecraft:glow_berries":1,"minecraft:obsidian":2,"minecraft:white_wool":18,"minecraft:cobblestone":1724,"minecraft:leather_chestplate":3,"minecraft:feather":8,"minecraft:leather":1,"minecraft:brown_wool":2,"minecraft:flint":10,"minecraft:oak_log":95,"minecraft:gunpowder":1,"minecraft:cobblestone_stairs":24,"minecraft:map":2,"minecraft:dirt":44,"minecraft:acacia_planks":254,"minecraft:wheat_seeds":58,"minecraft:iron_ingot":5,"minecraft:stone_pickaxe":1,"minecraft:acacia_sapling":1,"minecraft:iron_sword":2,"minecraft:oak_planks":166,"minecraft:oak_slab":113,"minecraft:warped_fungus":1,"minecraft:stone_brick_slab":6,"minecraft:gravel":134,"minecraft:white_bed":6,"minecraft:crying_obsidian":2,"minecraft:spider_eye":2,"minecraft:mossy_cobblestone":6,"minecraft:diamond":3,"minecraft:stone_axe":1,"minecraft:iron_helmet":1,"minecraft:bread":19,"minecraft:emerald":4,"minecraft:oak_sapling":2,"minecraft:melon_seeds":1,"minecraft:diamond_pickaxe":1},"minecraft:mined":{"minecraft:white_bed":6,"minecraft:oak_door":2,"minecraft:cobblestone_stairs":25,"minecraft:obsidian":1,"minecraft:glow_lichen":1,"minecraft:acacia_log":80,"minecraft:grass_block":1,"minecraft:brown_wool":1,"minecraft:iron_ore":4,"minecraft:fire":8,"minecraft:cobblestone_slab":52,"minecraft:stone":1334,"minecraft:white_wool":2,"minecraft:deepslate_redstone_ore":1,"minecraft:oak_slab":29,"minecraft:acacia_leaves":9,"minecraft:melon_stem":1,"minecraft:stone_brick_slab":2,"minecraft:crafting_table":5,"minecraft:torch":9,"minecraft:cobblestone":104,"minecraft:tall_grass":14,"minecraft:copper_ore":2,"minecraft:oak_planks":11,"minecraft:wheat":26,"minecraft:warped_fungus":1,"minecraft:grass":136,"minecraft:oak_log":76,"minecraft:gravel":88,"minecraft:dirt":46,"minecraft:cracked_stone_bricks":2,"minecraft:acacia_planks":3,"minecraft:stone_bricks":2,"minecraft:netherrack":2,"minecraft:oak_leaves":16,"minecraft:deepslate":10},"minecraft:killed_by":{"minecraft:player":4,"minecraft:creeper":1,"minecraft:skeleton":1,"minecraft:zombie":1},"minecraft:custom":{"minecraft:mob_kills":21,"minecraft:interact_with_crafting_table":30,"minecraft:time_since_death":119028,"minecraft:sprint_one_cm":386854,"minecraft:walk_one_cm":1007614,"minecraft:drop":20,"minecraft:play_time":209755,"minecraft:deaths":9,"minecraft:sneak_time":7641,"minecraft:walk_under_water_one_cm":967,"minecraft:jump":1520,"minecraft:walk_on_water_one_cm":2631,"minecraft:total_world_time":209755,"minecraft:interact_with_furnace":4,"minecraft:interact_with_grindstone":2,"minecraft:sleep_in_bed":3,"minecraft:time_since_rest":59836,"minecraft:damage_taken":3140,"minecraft:damage_dealt":2438,"minecraft:fly_one_cm":50608,"minecraft:open_chest":21,"minecraft:crouch_one_cm":29337,"minecraft:interact_with_smoker":1,"minecraft:fall_one_cm":18226,"minecraft:horse_one_cm":955},"minecraft:broken":{"minecraft:wooden_pickaxe":1,"minecraft:stone_pickaxe":1,"minecraft:wooden_sword":1,"minecraft:wooden_axe":2},"minecraft:used":{"minecraft:flint_and_steel":11,"minecraft:stone_shovel":117,"minecraft:iron_sword":18,"minecraft:oak_door":8,"minecraft:torch":10,"minecraft:obsidian":1,"minecraft:wooden_axe":117,"minecraft:iron_axe":144,"minecraft:acacia_planks":252,"minecraft:cobbled_deepslate":2,"minecraft:cobblestone_stairs":57,"minecraft:stone_pickaxe":276,"minecraft:oak_planks":20,"minecraft:wooden_pickaxe":112,"minecraft:cobblestone_slab":615,"minecraft:mossy_cobblestone":1,"minecraft:oak_slab":781,"minecraft:crafting_table":6,"minecraft:white_bed":6,"minecraft:diamond_pickaxe":1131,"minecraft:bread":16,"minecraft:melon_slice":11,"minecraft:brown_wool":1,"minecraft:iron_pickaxe":92,"minecraft:gravel":1,"minecraft:stone_axe":1,"minecraft:wooden_sword":185,"minecraft:cobblestone":596},"minecraft:dropped":{"minecraft:iron_sword":1,"minecraft:porkchop":6,"minecraft:oak_log":31,"minecraft:cobblestone":213,"minecraft:glow_berries":2,"minecraft:stick":6,"minecraft:mutton":13,"minecraft:glistering_melon_slice":1,"minecraft:gold_ingot":2,"minecraft:gravel":63,"minecraft:stone_shovel":1,"minecraft:chicken":5,"minecraft:oak_sapling":1,"minecraft:wooden_pickaxe":1},"minecraft:killed":{"minecraft:spider":1,"minecraft:chicken":5,"minecraft:pig":2,"minecraft:sheep":9,"minecraft:donkey":1,"minecraft:zombie":1}},"DataVersion":2975}