{"stats":{"minecraft:broken":{"minecraft:wooden_pickaxe":1,"minecraft:stone_pickaxe":1,"minecraft:iron_axe":2,"minecraft:wooden_sword":1,"minecraft:wooden_axe":2},"minecraft:killed_by":{"minecraft:player":4,"minecraft:creeper":1,"minecraft:enderman":1,"minecraft:vindicator":1,"minecraft:cave_spider":1,"minecraft:skeleton":1,"minecraft:zombie":2},"minecraft:mined":{"minecraft:attached_melon_stem":4,"minecraft:white_bed":9,"minecraft:farmland":1,"minecraft:oak_door":2,"minecraft:cobblestone_stairs":25,"minecraft:obsidian":1,"minecraft:glow_lichen":1,"minecraft:acacia_log":80,"minecraft:grass_block":1,"minecraft:brown_wool":1,"minecraft:redstone_ore":1,"minecraft:iron_ore":27,"minecraft:fire":8,"minecraft:andesite":6,"minecraft:deepslate_lapis_ore":2,"minecraft:gold_block":1,"minecraft:cobblestone_slab":52,"minecraft:stone":1348,"minecraft:white_wool":2,"minecraft:deepslate_redstone_ore":1,"minecraft:oak_slab":30,"minecraft:acacia_leaves":9,"minecraft:melon_stem":13,"minecraft:stone_brick_slab":2,"minecraft:dandelion":1,"minecraft:crafting_table":5,"minecraft:torch":15,"minecraft:melon":8,"minecraft:tall_grass":22,"minecraft:copper_ore":2,"minecraft:cobblestone":136,"minecraft:oak_planks":11,"minecraft:wall_torch":2,"minecraft:wheat":256,"minecraft:birch_leaves":7,"minecraft:warped_fungus":1,"minecraft:grass":159,"minecraft:oak_log":212,"minecraft:gravel":88,"minecraft:dirt":46,"minecraft:cracked_stone_bricks":2,"minecraft:acacia_planks":3,"minecraft:stone_bricks":2,"minecraft:netherrack":2,"minecraft:gold_ore":7,"minecraft:oak_leaves":43,"minecraft:deepslate":10},"minecraft:picked_up":{"minecraft:crafting_table":5,"minecraft:iron_chestplate":5,"minecraft:wheat":241,"minecraft:chicken":5,"minecraft:wooden_pickaxe":1,"minecraft:gold_block":1,"minecraft:shield":5,"minecraft:golden_sword":1,"minecraft:string":3,"minecraft:raw_copper":12,"minecraft:iron_axe":5,"minecraft:wooden_sword":1,"minecraft:flint_and_steel":1,"minecraft:iron_leggings":1,"minecraft:activator_rail":3,"minecraft:detector_rail":3,"minecraft:gold_nugget":16,"minecraft:cobbled_deepslate":11,"minecraft:cobblestone_slab":66,"minecraft:iron_nugget":14,"minecraft:iron_pickaxe":8,"minecraft:minecart":1,"minecraft:melon_slice":163,"minecraft:chest":2,"minecraft:iron_boots":5,"minecraft:egg":5,"minecraft:stick":123,"minecraft:raw_iron":73,"minecraft:oak_door":2,"minecraft:torch":120,"minecraft:acacia_log":75,"minecraft:porkchop":6,"minecraft:golden_axe":1,"minecraft:redstone":13,"minecraft:arrow":8,"minecraft:rotten_flesh":11,"minecraft:stone_shovel":1,"minecraft:hay_block":3,"minecraft:glistering_melon_slice":3,"minecraft:obsidian":2,"minecraft:glow_berries":2,"minecraft:mutton":14,"minecraft:white_wool":19,"minecraft:cobblestone":1989,"minecraft:leather_chestplate":3,"minecraft:feather":8,"minecraft:andesite":12,"minecraft:brown_wool":2,"minecraft:leather":1,"minecraft:golden_leggings":5,"minecraft:flint":10,"minecraft:oak_log":464,"minecraft:golden_boots":1,"minecraft:gunpowder":1,"minecraft:cobblestone_stairs":24,"minecraft:lapis_lazuli":20,"minecraft:map":2,"minecraft:dirt":46,"minecraft:white_banner":3,"minecraft:cooked_mutton":44,"minecraft:bone":8,"minecraft:acacia_planks":254,"minecraft:apple":15,"minecraft:bow":1,"minecraft:wheat_seeds":683,"minecraft:raw_gold":12,"minecraft:stone_pickaxe":8,"minecraft:iron_ingot":5,"minecraft:powered_rail":4,"minecraft:acacia_sapling":1,"minecraft:iron_sword":2,"minecraft:oak_planks":166,"minecraft:book":1,"minecraft:oak_slab":115,"minecraft:warped_fungus":1,"minecraft:stone_brick_slab":6,"minecraft:dandelion":2,"minecraft:gravel":134,"minecraft:melon":1,"minecraft:white_bed":9,"minecraft:crying_obsidian":2,"minecraft:spider_eye":3,"minecraft:mossy_cobblestone":6,"minecraft:diamond":3,"minecraft:stone_axe":4,"minecraft:iron_helmet":5,"minecraft:golden_apple":2,"minecraft:emerald":6,"minecraft:bread":467,"minecraft:oak_sapling":3,"minecraft:melon_seeds":24,"minecraft:coal":10,"minecraft:diamond_pickaxe":2},"minecraft:custom":{"minecraft:mob_kills":32,"minecraft:interact_with_crafting_table":38,"minecraft:bell_ring":2,"minecraft:leave_game":2,"minecraft:time_since_death":12544,"minecraft:climb_one_cm":356,"minecraft:sprint_one_cm":776710,"minecraft:walk_one_cm":1456764,"minecraft:damage_blocked_by_shield":915,"minecraft:drop":51,"minecraft:play_time":371058,"minecraft:sneak_time":11346,"minecraft:deaths":13,"minecraft:walk_under_water_one_cm":23055,"minecraft:boat_one_cm":10476,"minecraft:jump":2726,"minecraft:walk_on_water_one_cm":22447,"minecraft:total_world_time":371058,"minecraft:interact_with_furnace":7,"minecraft:interact_with_cartography_table":1,"minecraft:interact_with_loom":1,"minecraft:interact_with_stonecutter":1,"minecraft:interact_with_grindstone":2,"minecraft:sleep_in_bed":8,"minecraft:time_since_rest":12580,"minecraft:damage_taken":5573,"minecraft:damage_dealt":4366,"minecraft:swim_one_cm":15602,"minecraft:fly_one_cm":113868,"minecraft:open_chest":44,"minecraft:crouch_one_cm":41663,"minecraft:interact_with_smoker":1,"minecraft:fall_one_cm":41124,"minecraft:horse_one_cm":955},"minecraft:crafted":{"minecraft:wooden_sword":2,"minecraft:oak_door":12,"minecraft:oak_planks":535,"minecraft:cobblestone_slab":570,"minecraft:stone_shovel":1,"minecraft:oak_pressure_plate":1,"minecraft:cobblestone_stairs":60,"minecraft:iron_axe":1,"minecraft:stone_pickaxe":5,"minecraft:chest":2,"minecraft:oak_button":14,"minecraft:glistering_melon_slice":2,"minecraft:oak_slab":690,"minecraft:crafting_table":2,"minecraft:wooden_pickaxe":2,"minecraft:iron_sword":1,"minecraft:stone_axe":2,"minecraft:bread":68,"minecraft:air":0,"minecraft:diamond_pickaxe":1,"minecraft:stick":80,"minecraft:iron_ingot":2,"minecraft:wooden_axe":2,"minecraft:stone_sword":1,"minecraft:white_bed":2,"minecraft:acacia_planks":294,"minecraft:torch":40},"minecraft:used":{"minecraft:flint_and_steel":11,"minecraft:stone_shovel":117,"minecraft:chest":3,"minecraft:shield":29,"minecraft:iron_sword":18,"minecraft:oak_door":8,"minecraft:torch":41,"minecraft:dirt":2,"minecraft:obsidian":1,"minecraft:wooden_axe":117,"minecraft:iron_axe":351,"minecraft:melon_seeds":3,"minecraft:golden_sword":40,"minecraft:cobbled_deepslate":2,"minecraft:acacia_planks":252,"minecraft:golden_axe":4,"minecraft:wheat_seeds":225,"minecraft:cobblestone_stairs":57,"minecraft:stone_pickaxe":315,"minecraft:oak_planks":20,"minecraft:wooden_pickaxe":112,"minecraft:cobblestone_slab":615,"minecraft:glow_berries":2,"minecraft:mossy_cobblestone":1,"minecraft:oak_slab":782,"minecraft:crafting_table":6,"minecraft:white_bed":11,"minecraft:diamond_pickaxe":1137,"minecraft:bread":35,"minecraft:melon_slice":46,"minecraft:brown_wool":1,"minecraft:iron_pickaxe":172,"minecraft:gravel":1,"minecraft:stone_axe":9,"minecraft:wooden_sword":185,"minecraft:cobblestone":613},"minecraft:dropped":{"minecraft:iron_sword":1,"minecraft:porkchop":6,"minecraft:oak_log":31,"minecraft:cobblestone":213,"minecraft:glow_berries":2,"minecraft:golden_apple":1,"minecraft:stick":6,"minecraft:mutton":13,"minecraft:white_banner":3,"minecraft:glistering_melon_slice":1,"minecraft:white_wool":1,"minecraft:bone":4,"minecraft:dandelion":2,"minecraft:gold_ingot":2,"minecraft:gravel":63,"minecraft:raw_iron":4,"minecraft:stone_shovel":1,"minecraft:chicken":5,"minecraft:rotten_flesh":9,"minecraft:oak_planks":6,"minecraft:hay_block":3,"minecraft:andesite":12,"minecraft:golden_leggings":1,"minecraft:oak_sapling":1,"minecraft:chest":1,"minecraft:arrow":6,"minecraft:wooden_pickaxe":1},"minecraft:killed":{"minecraft:cave_spider":1,"minecraft:spider":1,"minecraft:skeleton":3,"minecraft:chicken":5,"minecraft:pig":2,"minecraft:sheep":9,"minecraft:zombie":8,"minecraft:donkey":1}},"DataVersion":2975}