{"stats":{"minecraft:used":{"minecraft:beef":5,"minecraft:crafting_table":1,"minecraft:iron_axe":11,"minecraft:egg":1},"minecraft:dropped":{"minecraft:wheat_seeds":10},"minecraft:crafted":{"minecraft:acacia_planks":24,"minecraft:iron_axe":1,"minecraft:crafting_table":1},"minecraft:custom":{"minecraft:time_since_rest":7150,"minecraft:play_time":7150,"minecraft:sprint_one_cm":25594,"minecraft:damage_taken":80,"minecraft:walk_one_cm":14679,"minecraft:mob_kills":22,"minecraft:drop":10,"minecraft:jump":396,"minecraft:damage_dealt":2284,"minecraft:time_since_death":7150,"minecraft:total_world_time":7150,"minecraft:interact_with_crafting_table":1,"minecraft:fall_one_cm":14591,"minecraft:fly_one_cm":62876},"minecraft:picked_up":{"minecraft:stick":5,"minecraft:crafting_table":1,"minecraft:leather":22,"minecraft:wheat_seeds":10,"minecraft:acacia_log":6,"minecraft:iron_ingot":6,"minecraft:beef":34,"minecraft:oak_log":9,"minecraft:light_gray_wool":1,"minecraft:black_wool":1,"minecraft:mutton":4,"minecraft:white_wool":1,"minecraft:egg":1},"minecraft:killed":{"minecraft:sheep":3,"minecraft:zombie":1,"minecraft:creeper":1,"minecraft:cow":16},"minecraft:mined":{"minecraft:grass":32,"minecraft:acacia_log":6,"minecraft:tall_grass":2,"minecraft:crafting_table":1}},"DataVersion":2975}