{"stats":{"minecraft:used":{"minecraft:bookshelf":7,"minecraft:iron_axe":37,"minecraft:baked_potato":6,"minecraft:beef":5,"minecraft:crafting_table":1,"minecraft:egg":1,"minecraft:potato":9,"minecraft:bone_meal":3},"minecraft:dropped":{"minecraft:wheat_seeds":10,"minecraft:baked_potato":5},"minecraft:crafted":{"minecraft:red_dye":4,"minecraft:white_dye":3,"minecraft:iron_axe":1,"minecraft:crafting_table":1,"minecraft:white_bed":1,"minecraft:bone_meal":6,"minecraft:acacia_planks":24,"minecraft:bookshelf":7},"minecraft:custom":{"minecraft:time_since_rest":19150,"minecraft:sprint_one_cm":63927,"minecraft:damage_taken":250,"minecraft:walk_one_cm":41378,"minecraft:mob_kills":29,"minecraft:drop":15,"minecraft:damage_dealt":3004,"minecraft:swim_one_cm":405,"minecraft:interact_with_crafting_table":6,"minecraft:fly_one_cm":139826,"minecraft:open_chest":26,"minecraft:crouch_one_cm":117,"minecraft:play_time":19150,"minecraft:sneak_time":130,"minecraft:walk_under_water_one_cm":176,"minecraft:boat_one_cm":46650,"minecraft:jump":682,"minecraft:walk_on_water_one_cm":3874,"minecraft:time_since_death":19150,"minecraft:total_world_time":19150,"minecraft:fall_one_cm":21003},"minecraft:picked_up":{"minecraft:book":21,"minecraft:stick":5,"minecraft:crafting_table":1,"minecraft:wheat":1,"minecraft:composter":1,"minecraft:leather":24,"minecraft:acacia_log":6,"minecraft:potato":34,"minecraft:sand":2,"minecraft:oak_log":9,"minecraft:carrot":2,"minecraft:dirt":20,"minecraft:bone":3,"minecraft:wheat_seeds":15,"minecraft:beef":40,"minecraft:iron_ingot":6,"minecraft:rose_bush":3,"minecraft:fletching_table":1,"minecraft:gray_wool":1,"minecraft:light_gray_wool":1,"minecraft:baked_potato":28,"minecraft:sugar_cane":2,"minecraft:black_wool":2,"minecraft:oak_planks":7,"minecraft:mutton":11,"minecraft:white_wool":3,"minecraft:egg":1},"minecraft:mined":{"minecraft:carrots":2,"minecraft:fletching_table":1,"minecraft:crafting_table":1,"minecraft:grass":37,"minecraft:acacia_log":6,"minecraft:grass_block":16,"minecraft:potatoes":9,"minecraft:dirt_path":6,"minecraft:sand":2,"minecraft:tall_grass":5,"minecraft:oak_planks":8,"minecraft:sugar_cane":2,"minecraft:composter":1},"minecraft:killed":{"minecraft:skeleton":1,"minecraft:sheep":7,"minecraft:zombie":1,"minecraft:creeper":1,"minecraft:cow":18}},"DataVersion":2975}